Unnamed: 0,incoh_snr_xx,incoh_snr_yy,ctime,event_id,ra,name,dec,gbo_x,gbo_y,gbo_z,chime_x,chime_y,chime_z,taus_xx,taus_yy,taus_no_iono_xx,taus_no_iono_yy,taus_no_ionono_amp_weight_xx,taus_no_ionono_amp_weight_yy,tausno_amp_weight_xx,tausno_amp_weight_yy,tecs_xx,tecs_yy,snr_xx_tecs,snr_yy_tecs,tecsno_amp_weight_xx,tecsno_amp_weight_yy,snr_xx_tecsno_amp_weight,snr_yy_tecsno_amp_weight,uncalibrated_snr_xx,uncaibrated_snr_yy,calibrated_snr_xx,caibrated_snr_yy,cal_snr_xx,cal_snr_yy,cal_incoh_snr_xx,cal_incoh_snr_yy,cal_snr_xx_masked,cal_snr_yy_masked,cal_incoh_snr_xx_masked,cal_incoh_snr_yy_masked,calibrator_name,calibrator_ra,calibrator_dec,bw_00,bw_11,filename,x_cal,y_cal,x_tar,y_tar,delta_x,delta_y
2,27.99088287353516,18.76958465576172,1744955362.7199843,20250418054922,172.26723909166662,J1129+5638,56.64556688888889,883728.02446502,-4924463.3225994,3943957.56097847,-2059166.313,-3621302.972,4814304.113,0.0017800000000158,0.0017300000000158,-0.0022499999999853,-0.0022699999999853,-0.0022499999999853,-0.0022699999999853,0.0017800000000158,0.0017300000000158,0.7000000000002942,0.7000000000002942,35.638427734375,31.585081100463867,0.7000000000002942,0.7000000000002942,35.63842010498047,31.585081100463867,26.511619567871094,21.60594367980957,34.64859771728516,30.606529235839844,26.31256866455078,20.24663734436035,29.49880599975586,19.892112731933597,25.654176712036133,19.07491683959961,26.66683959960937,18.659202575683597,J1139+4032,174.76139261666663,40.54856704722222,442,456,/arc/projects/chime_frb/vlbi/manual_triggers/2025/04/18/20250418054922/calibrator_calibrated_visibilities/J1129+5638_calibrated_to_J1139+4032_vis.h5,-0.5961002563651527,-8.907945424703586,0.9515206487836568,7.195532242384057,1.5476209051488097,16.103477667087642
10,27.54907989501953,19.58247756958008,1744955362.7199843,20250418054922,174.76139261666663,J1139+4032,40.54856704722222,883728.02446502,-4924463.3225994,3943957.56097847,-2059166.313,-3621302.972,4814304.113,-0.0007299999999849,0.0002000000000153,0.0196800000000213,0.0197000000000213,0.0196800000000213,0.0197000000000213,-0.0007299999999849,0.0002000000000153,-3.599999999999767,-3.399999999999764,45.22457885742188,35.73258209228516,-3.599999999999767,-3.399999999999764,45.224571228027344,35.73258972167969,26.31256866455078,20.24663734436035,27.405786514282227,22.253177642822266,28.86663055419922,33.6020393371582,66.13899993896484,51.99578857421875,29.11156463623047,34.083030700683594,58.61735534667969,45.77299499511719,J1153+8058,178.30208010833329,80.97476514166667,437,483,/arc/projects/chime_frb/vlbi/manual_triggers/2025/04/18/20250418054922/calibrator_calibrated_visibilities/J1139+4032_calibrated_to_J1153+8058_vis.h5,-0.6506857726076916,31.538061488972343,-0.5961002563651527,-8.907945424703586,0.0545855162425388,-40.44600691367593
13,35.055389404296875,22.43393325805664,1744955362.7199843,20250418054922,173.14624882499996,J1132+6324,63.401971394444445,883728.02446502,-4924463.3225994,3943957.56097847,-2059166.313,-3621302.972,4814304.113,-0.0017299999999852,0.0031800000000162,-0.007609999999987,-0.007639999999987,-0.007609999999987,-0.007639999999987,-0.0017299999999852,0.0031800000000162,1.1000000000002998,2.0000000000003126,38.47643280029297,29.72007369995117,1.1000000000002998,2.0000000000003126,38.47642517089844,29.72007369995117,25.40956115722656,24.5500545501709,32.1109733581543,26.00588035583496,31.27057647705078,29.7661075592041,47.54456329345703,30.28895568847656,30.53431701660156,30.77145195007324,44.96543502807617,26.061527252197266,J1139+3803,174.8917061833333,38.06165832222222,475,450,/arc/projects/chime_frb/vlbi/manual_triggers/2025/04/18/20250418054922/calibrator_calibrated_visibilities/J1132+6324_calibrated_to_J1139+3803_vis.h5,-0.7220843379922839,-11.393440126482943,0.3881628524394738,13.94371182146803,1.1102471904317577,25.33715194795097
17,28.171772003173828,15.802604675292969,1744955362.7199843,20250418054922,173.20993710833332,J1132+5100,51.00553305555555,883728.02446502,-4924463.3225994,3943957.56097847,-2059166.313,-3621302.972,4814304.113,-0.0029899999999856,-0.001159999999985,-0.0029899999999856,-0.0029499999999855,-0.0029899999999856,-0.0029499999999855,-0.0029899999999856,-0.001159999999985,2.842170943040401e-13,0.4000000000002899,35.800933837890625,27.644672393798828,2.842170943040401e-13,0.4000000000002899,35.800926208496094,27.64466667175293,25.497926712036133,21.189430236816406,35.800926208496094,26.92899703979492,31.27057647705078,29.7661075592041,47.54456329345703,30.28895568847656,33.98721694946289,30.69671630859375,42.96861267089844,29.301944732666016,J1139+3803,174.8917061833333,38.06165832222222,492,502,/arc/projects/chime_frb/vlbi/manual_triggers/2025/04/18/20250418054922/calibrator_calibrated_visibilities/J1132+5100_calibrated_to_J1139+3803_vis.h5,-0.7220843379922839,-11.393440126482943,0.4901969886722405,1.5475495256957372,1.2122813266645245,12.94098965217868
18,21.542911529541016,25.920040130615234,1744955362.7199843,20250418054922,172.7220109,J1130+3815,38.25515191111111,883728.02446502,-4924463.3225994,3943957.56097847,-2059166.313,-3621302.972,4814304.113,0.0038700000000164,0.0047300000000167,0.0020800000000159,0.0020500000000159,0.0020800000000159,0.0020500000000159,0.0038700000000164,0.0047300000000167,0.4000000000002899,0.6000000000002927,35.66114807128906,34.67680740356445,0.4000000000002899,0.6000000000002927,35.6611442565918,34.67679214477539,22.309467315673828,23.004119873046875,34.97247314453125,33.20848846435547,26.99831199645996,23.617137908935547,44.77031707763672,25.919845581054688,28.721954345703125,23.86372184753418,38.31299209594727,24.008399963378903,J1137+3950,174.41949813333332,39.84676115555556,377,525,/arc/projects/chime_frb/vlbi/manual_triggers/2025/04/18/20250418054922/calibrator_calibrated_visibilities/J1130+3815_calibrated_to_J1137+3950_vis.h5,-0.3403299104186385,-9.61206556136295,0.983706111126318,-11.197301015894343,1.3240360215449565,-1.585235454531393
25,22.42926788330078,20.59282684326172,1744955362.7199843,20250418054922,172.26723909166662,J1129+5638,56.64556688888889,883728.02446502,-4924463.3225994,3943957.56097847,-2059166.313,-3621302.972,4814304.113,0.0001200000000153,0.0010100000000156,-0.001159999999985,-0.0030299999999856,-0.001159999999985,-0.0030299999999856,0.0001200000000153,0.0010100000000156,0.5000000000002913,0.7000000000002942,38.994285583496094,31.22673797607422,0.5000000000002913,0.7000000000002942,38.994285583496094,31.22673225402832,26.511619567871094,21.60594367980957,37.86355209350586,30.407602310180664,31.27057647705078,29.7661075592041,47.54456329345703,30.28895568847656,30.56814384460449,32.99323654174805,44.32084274291992,26.313011169433597,J1139+3803,174.8917061833333,38.06165832222222,467,464,/arc/projects/chime_frb/vlbi/manual_triggers/2025/04/18/20250418054922/calibrator_calibrated_visibilities/J1129+5638_calibrated_to_J1139+3803_vis.h5,-0.7220843379922839,-11.393440126482943,0.9515206487836568,7.195532242384057,1.6736049867759406,18.588972368867
50,25.443862915039062,16.723251342773438,1744955362.7199843,20250418054922,172.44983193749997,J1129+5025,50.43091995555555,883728.02446502,-4924463.3225994,3943957.56097847,-2059166.313,-3621302.972,4814304.113,4.000000001531945e-05,-0.0008499999999849,-0.0031499999999856,-0.0030999999999856,-0.0031499999999856,-0.0030999999999856,4.000000001531945e-05,-0.0008499999999849,0.5000000000002913,0.3000000000002885,45.89906692504883,37.45048522949219,0.5000000000002913,0.3000000000002885,45.89907836914063,37.45048141479492,25.550128936767575,22.61188125610352,45.352970123291016,36.97111129760742,40.7340087890625,40.18658828735352,186.69293212890625,128.86135864257812,41.2630500793457,41.06607818603516,141.9146728515625,103.9823989868164,J1135+4258,173.98328741666666,42.97907138333333,430,476,/arc/projects/chime_frb/vlbi/manual_triggers/2025/04/18/20250418054922/calibrator_calibrated_visibilities/J1129+5025_calibrated_to_J1135+4258_vis.h5,-0.0029052311404779,-6.481013211356105,0.9798757595914316,0.9799791404938746,0.9827809907319096,7.460992351849979
55,23.1831169128418,15.705352783203123,1744955362.7199843,20250418054922,172.44983193749997,J1129+5025,50.43091995555555,883728.02446502,-4924463.3225994,3943957.56097847,-2059166.313,-3621302.972,4814304.113,-0.0030299999999856,-0.0021399999999853,-0.0039299999999858,-0.0039199999999858,-0.0039299999999858,-0.0039199999999858,-0.0030299999999856,-0.0021399999999853,0.200000000000287,0.4000000000002899,37.53676223754883,27.93508529663086,0.200000000000287,0.4000000000002899,37.53675079345703,27.935083389282227,25.550128936767575,22.61188125610352,37.52968215942383,26.72954368591309,31.27057647705078,29.7661075592041,47.54456329345703,30.28895568847656,35.34394836425781,28.64594078063965,40.03974533081055,28.68731689453125,J1139+3803,174.8917061833333,38.06165832222222,408,453,/arc/projects/chime_frb/vlbi/manual_triggers/2025/04/18/20250418054922/calibrator_calibrated_visibilities/J1129+5025_calibrated_to_J1139+3803_vis.h5,-0.7220843379922839,-11.393440126482943,0.9798757595914316,0.9799791404938746,1.7019600975837157,12.373419266976818
76,22.03020477294922,14.983360290527344,1744955362.7199843,20250418054922,174.84653645833333,J1139+5300,53.01521246666667,883728.02446502,-4924463.3225994,3943957.56097847,-2059166.313,-3621302.972,4814304.113,-0.0027599999999855,-0.0027199999999855,0.0158400000000201,0.0136900000000195,0.0158400000000201,0.0136900000000195,-0.0027599999999855,-0.0027199999999855,-3.1999999999997613,-3.1999999999997613,36.609004974365234,28.50285148620605,-3.1999999999997613,-3.1999999999997613,36.6090087890625,28.50285148620605,21.673587799072266,17.779048919677734,20.952301025390625,18.56659507751465,28.86663055419922,33.6020393371582,66.13899993896484,51.99578857421875,27.719316482543945,31.76474952697754,53.43597030639648,45.60178756713867,J1153+8058,178.30208010833329,80.97476514166667,455,418,/arc/projects/chime_frb/vlbi/manual_triggers/2025/04/18/20250418054922/calibrator_calibrated_visibilities/J1139+5300_calibrated_to_J1153+8058_vis.h5,-0.6506857726076916,31.538061488972343,-0.5141240530109968,3.558523448575261,0.1365617195966947,-27.979538040397085
77,164.40155029296875,100.05763244628906,1744955362.7199843,20250418054922,173.98328741666666,J1135+4258,42.97907138333333,883728.02446502,-4924463.3225994,3943957.56097847,-2059166.313,-3621302.972,4814304.113,-0.0015399999999851,-0.0015999999999851,0.0017000000000158,0.0016200000000158,0.0017000000000158,0.0016200000000158,-0.0015399999999851,-0.0015999999999851,-0.8999999999997286,-0.8999999999997286,34.29148483276367,20.60499382019043,-0.8999999999997286,-0.8999999999997286,34.291481018066406,20.60499382019043,40.7340087890625,40.18658828735352,31.167835235595703,19.998889923095703,13.264175415039062,11.803874969482422,10.995010375976562,5.970500946044922,14.091875076293944,10.540278434753418,9.251388549804688,4.399486541748047,J1138+2524,174.50994959999997,25.406981138888888,540,411,/arc/projects/chime_frb/vlbi/manual_triggers/2025/04/18/20250418054922/calibrator_calibrated_visibilities/J1135+4258_calibrated_to_J1138+2524_vis.h5,-0.4924478516014428,-24.0508571509121,-0.0029052311404779,-6.481013211356105,0.4895426204609649,17.569843939555994
78,33.035430908203125,25.21154022216797,1744955362.7199843,20250418054922,173.77471806666665,J1135+3708,37.14465811666667,883728.02446502,-4924463.3225994,3943957.56097847,-2059166.313,-3621302.972,4814304.113,0.002520000000016,0.002530000000016,-0.0027999999999855,-0.0027999999999855,-0.0027999999999855,-0.0027999999999855,0.002520000000016,0.002530000000016,1.2000000000003013,1.2000000000003013,37.55413055419922,24.06233787536621,1.2000000000003013,1.2000000000003013,37.55413055419922,24.062334060668945,29.804826736450195,20.029268264770508,34.325416564941406,22.052419662475582,26.31256866455078,20.24663734436035,29.49880599975586,19.892112731933597,25.861587524414062,19.632667541503903,29.218971252441406,18.582931518554688,J1139+4032,174.76139261666663,40.54856704722222,466,473,/arc/projects/chime_frb/vlbi/manual_triggers/2025/04/18/20250418054922/calibrator_calibrated_visibilities/J1135+3708_calibrated_to_J1139+4032_vis.h5,-0.5961002563651527,-8.907945424703586,0.1586648077313948,-12.315326515453147,0.7547650640965475,-3.4073810907495616
84,29.732223510742188,17.883895874023438,1744955362.7199843,20250418054922,173.77471806666665,J1135+3708,37.14465811666667,883728.02446502,-4924463.3225994,3943957.56097847,-2059166.313,-3621302.972,4814304.113,0.0030100000000162,-0.0005099999999848,0.0035700000000164,0.0036100000000164,0.0035700000000164,0.0036100000000164,0.0030100000000162,-0.0005099999999848,-0.29999999999972,-1.0999999999997314,34.9021110534668,25.18888092041016,-0.29999999999972,-1.0999999999997314,34.9021110534668,25.18888092041016,29.804826736450195,20.029268264770508,33.86745071411133,23.01464462280273,38.03068542480469,37.22499084472656,90.73230743408205,68.06092071533203,41.28680038452149,35.01538848876953,86.27687072753906,68.01502227783203,J1145+6958,176.28145293333333,69.971079725,573,478,/arc/projects/chime_frb/vlbi/manual_triggers/2025/04/18/20250418054922/calibrator_calibrated_visibilities/J1135+3708_calibrated_to_J1145+6958_vis.h5,-0.7685256753930098,20.52447149514045,0.1586648077313948,-12.315326515453147,0.9271904831244048,-32.8397980105936
94,21.07098388671875,20.02164459228516,1744955362.7199843,20250418054922,172.26723909166662,J1129+5638,56.64556688888889,883728.02446502,-4924463.3225994,3943957.56097847,-2059166.313,-3621302.972,4814304.113,0.002290000000016,0.0022500000000159,-0.0003999999999848,-0.0004199999999848,-0.0003999999999848,-0.0004199999999848,0.002290000000016,0.0022500000000159,0.6000000000002927,0.6000000000002927,47.22898864746094,36.04737091064453,0.6000000000002927,0.6000000000002927,47.22900772094727,36.04736709594727,26.511619567871094,21.60594367980957,46.27488708496094,35.34566879272461,40.7340087890625,40.18658828735352,186.69293212890625,128.86135864257812,40.3637924194336,38.61236953735352,156.8768310546875,114.93119049072266,J1135+4258,173.98328741666666,42.97907138333333,532,502,/arc/projects/chime_frb/vlbi/manual_triggers/2025/04/18/20250418054922/calibrator_calibrated_visibilities/J1129+5638_calibrated_to_J1135+4258_vis.h5,-0.0029052311404779,-6.481013211356105,0.9515206487836568,7.195532242384057,0.9544258799241347,13.67654545374016
113,138.7335205078125,95.31863403320312,1744955362.7199843,20250418054922,173.98328741666666,J1135+4258,42.97907138333333,883728.02446502,-4924463.3225994,3943957.56097847,-2059166.313,-3621302.972,4814304.113,0.0019800000000159,0.0005400000000154,0.0019800000000159,0.0019500000000159,0.0019800000000159,0.0019500000000159,0.0019800000000159,0.0005400000000154,2.842170943040401e-13,-0.4999999999997229,46.70623779296875,33.39093399047852,2.842170943040401e-13,-0.4999999999997229,46.70624542236328,33.39091873168945,40.7340087890625,40.18658828735352,46.70624923706055,33.554378509521484,21.673587799072266,17.779048919677734,25.74642944335937,14.944206237792969,22.24079322814941,18.8210506439209,23.45119857788086,15.364208221435549,J1139+5300,174.84653645833333,53.01521246666667,486,420,/arc/projects/chime_frb/vlbi/manual_triggers/2025/04/18/20250418054922/calibrator_calibrated_visibilities/J1135+4258_calibrated_to_J1139+5300_vis.h5,-0.5141240530109968,3.558523448575261,-0.0029052311404779,-6.481013211356105,0.5112188218705189,-10.039536659931366
122,37.5108642578125,30.85727310180664,1744955362.7199843,20250418054922,174.8917061833333,J1139+3803,38.06165832222222,883728.02446502,-4924463.3225994,3943957.56097847,-2059166.313,-3621302.972,4814304.113,0.0031800000000162,0.0014000000000157,0.0046100000000167,0.0046200000000167,0.0046100000000167,0.0046200000000167,0.0031800000000162,0.0014000000000157,-0.0999999999997172,-0.4999999999997229,36.55413436889648,26.024139404296875,-0.0999999999997172,-0.4999999999997229,36.55413818359375,26.024133682250977,31.27057647705078,29.7661075592041,36.63676834106445,25.6848201751709,21.673587799072266,17.779048919677734,25.74642944335937,14.944206237792969,21.638805389404297,17.27620506286621,22.47198486328125,12.76287078857422,J1139+5300,174.84653645833333,53.01521246666667,458,402,/arc/projects/chime_frb/vlbi/manual_triggers/2025/04/18/20250418054922/calibrator_calibrated_visibilities/J1139+3803_calibrated_to_J1139+5300_vis.h5,-0.5141240530109968,3.558523448575261,-0.7220843379922839,-11.393440126482943,-0.207960284981287,-14.951963575058205
124,27.615821838378903,19.951061248779297,1744955362.7199843,20250418054922,173.77471806666665,J1135+3708,37.14465811666667,883728.02446502,-4924463.3225994,3943957.56097847,-2059166.313,-3621302.972,4814304.113,0.0045600000000167,0.0045800000000167,0.0134400000000194,0.0149600000000198,0.0134400000000194,0.0149600000000198,0.0045600000000167,0.0045800000000167,-2.9999999999997584,-2.9999999999997584,41.071434020996094,29.04820251464844,-2.9999999999997584,-2.9999999999997584,41.07142639160156,29.048194885253903,29.804826736450195,20.029268264770508,27.45162010192871,22.22787857055664,26.91052627563477,33.180076599121094,87.17385864257812,80.2247314453125,24.879314422607425,30.695310592651367,81.57636260986328,69.63177490234375,J2344+8226,356.0157097708333,82.44455571944445,493,492,/arc/projects/chime_frb/vlbi/manual_triggers/2025/04/18/20250418054922/calibrator_calibrated_visibilities/J1135+3708_calibrated_to_J2344+8226_vis.h5,0.3031585643773976,48.089621683281415,0.1586648077313948,-12.315326515453147,-0.1444937566460027,-60.40494819873456
125,32.61419677734375,18.2059326171875,1744955362.7199843,20250418054922,173.20993710833332,J1132+5100,51.00553305555555,883728.02446502,-4924463.3225994,3943957.56097847,-2059166.313,-3621302.972,4814304.113,0.0029300000000162,0.0038500000000164,0.0033100000000163,0.0016900000000158,0.0033100000000163,0.0016900000000158,0.0029300000000162,0.0038500000000164,0.1000000000002856,0.3000000000002885,35.29594802856445,27.12399101257324,0.1000000000002856,0.3000000000002885,35.29594802856445,27.12399101257324,25.497926712036133,21.189430236816406,35.10866928100586,26.76787757873535,26.99831199645996,23.617137908935547,44.77031707763672,25.919845581054688,26.84235954284668,23.217575073242188,46.85325622558594,25.154376983642575,J1137+3950,174.41949813333332,39.84676115555556,425,564,/arc/projects/chime_frb/vlbi/manual_triggers/2025/04/18/20250418054922/calibrator_calibrated_visibilities/J1132+5100_calibrated_to_J1137+3950_vis.h5,-0.3403299104186385,-9.61206556136295,0.4901969886722405,1.5475495256957372,0.8305268990908791,11.159615087058688
157,140.86373901367188,109.15144348144533,1744955362.7199843,20250418054922,173.98328741666666,J1135+4258,42.97907138333333,883728.02446502,-4924463.3225994,3943957.56097847,-2059166.313,-3621302.972,4814304.113,-0.0003499999999847,-0.0003099999999847,0.0091300000000181,0.0106600000000185,0.0091300000000181,0.0106600000000185,-0.0003499999999847,-0.0003099999999847,-3.2999999999997627,-3.2999999999997627,64.14115142822266,56.69829177856445,-3.2999999999997627,-3.2999999999997627,64.14116668701172,56.69829177856445,40.7340087890625,40.18658828735352,37.53730392456055,33.074642181396484,28.86663055419922,33.6020393371582,66.13899993896484,51.99578857421875,25.74716567993164,33.643592834472656,63.36602783203125,44.14366149902344,J1153+8058,178.30208010833329,80.97476514166667,512,523,/arc/projects/chime_frb/vlbi/manual_triggers/2025/04/18/20250418054922/calibrator_calibrated_visibilities/J1135+4258_calibrated_to_J1153+8058_vis.h5,-0.6506857726076916,31.538061488972343,-0.0029052311404779,-6.481013211356105,0.6477805414672136,-38.01907470032845
164,18.22949981689453,20.45016860961914,1744955362.7199843,20250418054922,172.05558609583332,J1128+5925,59.420777375,883728.02446502,-4924463.3225994,3943957.56097847,-2059166.313,-3621302.972,4814304.113,-0.0023899999999854,-0.0019899999999853,0.0106700000000185,0.0059300000000171,0.0106700000000185,0.0059300000000171,-0.0023899999999854,-0.0019899999999853,-2.699999999999754,-2.799999999999756,37.32443237304688,33.76938247680664,-2.699999999999754,-2.799999999999756,37.324440002441406,33.769371032714844,19.00831794738769,22.817758560180664,21.50826644897461,20.94435691833496,28.86663055419922,33.6020393371582,66.13899993896484,51.99578857421875,25.4685001373291,34.61008071899414,57.34033966064453,46.5053825378418,J1153+8058,178.30208010833329,80.97476514166667,466,568,/arc/projects/chime_frb/vlbi/manual_triggers/2025/04/18/20250418054922/calibrator_calibrated_visibilities/J1128+5925_calibrated_to_J1153+8058_vis.h5,-0.6506857726076916,31.538061488972343,0.99084895029764,9.972611838693757,1.6415347229053316,-21.56544965027859
168,49.6710319519043,27.96135711669922,1744955362.7199843,20250418054922,174.8917061833333,J1139+3803,38.06165832222222,883728.02446502,-4924463.3225994,3943957.56097847,-2059166.313,-3621302.972,4814304.113,0.0034700000000163,0.0016700000000158,0.0007800000000155,0.0007800000000155,0.0007800000000155,0.0007800000000155,0.0034700000000163,0.0016700000000158,0.6000000000002927,0.200000000000287,45.38243103027344,30.51043701171875,0.6000000000002927,0.200000000000287,45.38243103027344,30.51043128967285,31.27057647705078,29.7661075592041,45.64280700683594,30.63175201416016,26.31256866455078,20.24663734436035,29.49880599975586,19.892112731933597,27.9738712310791,20.63628196716309,31.930858612060547,19.4851188659668,J1139+4032,174.76139261666663,40.54856704722222,421,445,/arc/projects/chime_frb/vlbi/manual_triggers/2025/04/18/20250418054922/calibrator_calibrated_visibilities/J1139+3803_calibrated_to_J1139+4032_vis.h5,-0.5961002563651527,-8.907945424703586,-0.7220843379922839,-11.393440126482943,-0.1259840816271311,-2.4854947017793574
174,34.433074951171875,22.986469268798828,1744955362.7199843,20250418054922,174.41949813333332,J1137+3950,39.84676115555556,883728.02446502,-4924463.3225994,3943957.56097847,-2059166.313,-3621302.972,4814304.113,-0.0068499999999867,-0.0095099999999876,-0.004549999999986,-0.004559999999986,-0.004549999999986,-0.004559999999986,-0.0068499999999867,-0.0095099999999876,-0.29999999999972,-0.8999999999997286,41.386837005615234,32.17384719848633,-0.29999999999972,-0.8999999999997286,41.386837005615234,32.1738395690918,26.99831199645996,23.617137908935547,41.754276275634766,30.21141242980957,31.27057647705078,29.7661075592041,47.54456329345703,30.28895568847656,32.39088439941406,30.43509864807129,36.733055114746094,26.714588165283203,J1139+3803,174.8917061833333,38.06165832222222,352,469,/arc/projects/chime_frb/vlbi/manual_triggers/2025/04/18/20250418054922/calibrator_calibrated_visibilities/J1137+3950_calibrated_to_J1139+3803_vis.h5,-0.7220843379922839,-11.393440126482943,-0.3403299104186385,-9.61206556136295,0.3817544275736453,1.781374565119993
179,151.38323974609375,113.08609008789062,1744955362.7199843,20250418054922,173.98328741666666,J1135+4258,42.97907138333333,883728.02446502,-4924463.3225994,3943957.56097847,-2059166.313,-3621302.972,4814304.113,0.0037700000000164,0.0046800000000167,0.0037700000000164,0.0037900000000164,0.0037700000000164,0.0037900000000164,0.0037700000000164,0.0046800000000167,2.842170943040401e-13,0.200000000000287,51.82659530639648,45.00778579711914,2.842170943040401e-13,0.200000000000287,51.826602935791016,45.00778579711914,40.7340087890625,40.18658828735352,51.82659912109375,44.861934661865234,26.99831199645996,23.617137908935547,44.77031707763672,25.919845581054688,28.81692695617676,23.61697006225586,40.05740737915039,24.800949096679688,J1137+3950,174.41949813333332,39.84676115555556,407,508,/arc/projects/chime_frb/vlbi/manual_triggers/2025/04/18/20250418054922/calibrator_calibrated_visibilities/J1135+4258_calibrated_to_J1137+3950_vis.h5,-0.3403299104186385,-9.61206556136295,-0.0029052311404779,-6.481013211356105,0.3374246792781606,3.131052350006845
181,144.52243041992188,112.9250259399414,1744955362.7199843,20250418054922,173.98328741666666,J1135+4258,42.97907138333333,883728.02446502,-4924463.3225994,3943957.56097847,-2059166.313,-3621302.972,4814304.113,0.0002200000000153,-0.0006899999999849,-0.0006699999999848,-0.0006899999999849,-0.0006699999999848,-0.0006899999999849,0.0002200000000153,-0.0006899999999849,0.200000000000287,2.842170943040401e-13,35.56574249267578,33.82952880859375,0.200000000000287,2.842170943040401e-13,35.56575012207031,33.82952880859375,40.7340087890625,40.18658828735352,35.26664352416992,33.82952880859375,23.395082473754883,14.872958183288574,15.97128677368164,14.044269561767578,23.365352630615234,15.447012901306152,15.302589416503906,13.39081573486328,J1140+4657,175.1235224708333,46.95781773611112,458,500,/arc/projects/chime_frb/vlbi/manual_triggers/2025/04/18/20250418054922/calibrator_calibrated_visibilities/J1135+4258_calibrated_to_J1140+4657_vis.h5,-0.7779111417852055,-2.495748916383988,-0.0029052311404779,-6.481013211356105,0.7750059106447276,-3.985264294972117
184,168.30361938476562,115.5727310180664,1744955362.7199843,20250418054922,173.98328741666666,J1135+4258,42.97907138333333,883728.02446502,-4924463.3225994,3943957.56097847,-2059166.313,-3621302.972,4814304.113,-1.9999999984698924e-05,-0.0008599999999849,0.0062300000000172,0.0062800000000172,0.0062300000000172,0.0062800000000172,-1.9999999984698924e-05,-0.0008599999999849,-1.3999999999997357,-1.5999999999997383,67.87733459472656,53.992977142333984,-1.3999999999997357,-1.5999999999997383,67.87734985351562,53.992977142333984,40.7340087890625,40.18658828735352,54.89159393310547,44.46554565429688,38.03068542480469,37.22499084472656,90.73230743408205,68.06092071533203,37.18853378295898,37.47879409790039,88.71529388427734,68.63904571533203,J1145+6958,176.28145293333333,69.971079725,565,482,/arc/projects/chime_frb/vlbi/manual_triggers/2025/04/18/20250418054922/calibrator_calibrated_visibilities/J1135+4258_calibrated_to_J1145+6958_vis.h5,-0.7685256753930098,20.52447149514045,-0.0029052311404779,-6.481013211356105,0.7656204442525318,-27.005484706496556
187,23.670955657958984,27.201889038085938,1744955362.7199843,20250418054922,172.7220109,J1130+3815,38.25515191111111,883728.02446502,-4924463.3225994,3943957.56097847,-2059166.313,-3621302.972,4814304.113,-0.0021299999999853,-0.0020799999999853,0.0032600000000163,0.0032900000000163,0.0032600000000163,0.0032900000000163,-0.0021299999999853,-0.0020799999999853,-1.1999999999997328,-1.1999999999997328,34.49267578125,28.722490310668945,-1.1999999999997328,-1.1999999999997328,34.492671966552734,28.722490310668945,22.309467315673828,23.004119873046875,32.37769317626953,27.870494842529297,25.40956115722656,24.5500545501709,39.91783905029297,25.31696319580078,25.975608825683597,26.04125595092773,33.55538558959961,24.886131286621094,J1132+6324,173.14624882499996,63.401971394444445,496,487,/arc/projects/chime_frb/vlbi/manual_triggers/2025/04/18/20250418054922/calibrator_calibrated_visibilities/J1130+3815_calibrated_to_J1132+6324_vis.h5,0.3881628524394738,13.94371182146803,0.983706111126318,-11.197301015894343,0.5955432586868441,-25.14101283736237
205,30.185176849365234,16.62274932861328,1744955362.7199843,20250418054922,173.20993710833332,J1132+5100,51.00553305555555,883728.02446502,-4924463.3225994,3943957.56097847,-2059166.313,-3621302.972,4814304.113,5.000000001532251e-05,5.000000001532251e-05,-0.0004699999999848,-0.0020999999999853,-0.0004699999999848,-0.0020999999999853,5.000000001532251e-05,5.000000001532251e-05,0.3000000000002885,0.3000000000002885,57.57750701904297,41.03115081787109,0.3000000000002885,0.3000000000002885,57.5775146484375,41.03115081787109,25.497926712036133,21.189430236816406,56.67451095581055,40.59955596923828,40.7340087890625,40.18658828735352,186.69293212890625,128.86135864257812,42.33088302612305,41.48908996582031,147.7989501953125,121.67259216308594,J1135+4258,173.98328741666666,42.97907138333333,562,543,/arc/projects/chime_frb/vlbi/manual_triggers/2025/04/18/20250418054922/calibrator_calibrated_visibilities/J1132+5100_calibrated_to_J1135+4258_vis.h5,-0.0029052311404779,-6.481013211356105,0.4901969886722405,1.5475495256957372,0.4931022198127184,8.028562737051843
206,149.05723571777344,138.5049285888672,1744955362.7199843,20250418054922,173.98328741666666,J1135+4258,42.97907138333333,883728.02446502,-4924463.3225994,3943957.56097847,-2059166.313,-3621302.972,4814304.113,0.0015200000000157,0.0015700000000157,0.0145500000000197,0.0146000000000197,0.0145500000000197,0.0146000000000197,0.0015200000000157,0.0015700000000157,-4.099999999999774,-4.099999999999774,68.7957763671875,56.08609771728516,-4.099999999999774,-4.099999999999774,68.79578399658203,56.08609771728516,40.7340087890625,40.18658828735352,36.37713241577149,29.667335510253903,26.91052627563477,33.180076599121094,87.17385864257812,80.2247314453125,26.223974227905277,33.4022102355957,79.38756561279297,63.756778717041016,J2344+8226,356.0157097708333,82.44455571944445,483,502,/arc/projects/chime_frb/vlbi/manual_triggers/2025/04/18/20250418054922/calibrator_calibrated_visibilities/J1135+4258_calibrated_to_J2344+8226_vis.h5,0.3031585643773976,48.089621683281415,-0.0029052311404779,-6.481013211356105,-0.3060637955178755,-54.57063489463752
207,33.12505340576172,23.278400421142575,1744955362.7199843,20250418054922,173.14624882499996,J1132+6324,63.401971394444445,883728.02446502,-4924463.3225994,3943957.56097847,-2059166.313,-3621302.972,4814304.113,0.0004400000000154,0.0012900000000157,-0.0049199999999861,-0.0049499999999862,-0.0049199999999861,-0.0049499999999862,0.0004400000000154,0.0012900000000157,1.2000000000003013,1.400000000000304,52.7094612121582,36.41099166870117,1.2000000000003013,1.400000000000304,52.7094612121582,36.41098403930664,25.40956115722656,24.5500545501709,42.58372116088867,33.63582229614258,40.7340087890625,40.18658828735352,186.69293212890625,128.86135864257812,38.47246551513672,39.5605354309082,163.6065673828125,102.06745910644533,J1135+4258,173.98328741666666,42.97907138333333,525,477,/arc/projects/chime_frb/vlbi/manual_triggers/2025/04/18/20250418054922/calibrator_calibrated_visibilities/J1132+6324_calibrated_to_J1135+4258_vis.h5,-0.0029052311404779,-6.481013211356105,0.3881628524394738,13.94371182146803,0.3910680835799517,20.42472503282413
212,18.233184814453125,19.18343734741211,1744955362.7199843,20250418054922,172.05558609583332,J1128+5925,59.420777375,883728.02446502,-4924463.3225994,3943957.56097847,-2059166.313,-3621302.972,4814304.113,-0.0007999999999849,-0.0021999999999853,-0.0048399999999861,-0.0048799999999861,-0.0048399999999861,-0.0048799999999861,-0.0007999999999849,-0.0021999999999853,1.1000000000002998,0.6000000000002927,33.67636489868164,31.343677520751957,1.1000000000002998,0.6000000000002927,33.676361083984375,31.34368133544922,19.00831794738769,22.817758560180664,30.27496337890625,30.171676635742188,26.31256866455078,20.24663734436035,29.49880599975586,19.892112731933597,27.452598571777344,19.805089950561523,25.77570343017578,21.95084381103516,J1139+4032,174.76139261666663,40.54856704722222,434,500,/arc/projects/chime_frb/vlbi/manual_triggers/2025/04/18/20250418054922/calibrator_calibrated_visibilities/J1128+5925_calibrated_to_J1139+4032_vis.h5,-0.5961002563651527,-8.907945424703586,0.99084895029764,9.972611838693757,1.5869492066627928,18.880557263397343
213,31.0548095703125,22.53805160522461,1744955362.7199843,20250418054922,173.14624882499996,J1132+6324,63.401971394444445,883728.02446502,-4924463.3225994,3943957.56097847,-2059166.313,-3621302.972,4814304.113,0.0001200000000153,0.0009900000000156,0.0105000000000185,0.0104100000000184,0.0105000000000185,0.0104100000000184,0.0001200000000153,0.0009900000000156,-2.0999999999997456,-1.8999999999997428,45.78570175170898,36.16744613647461,-2.0999999999997456,-1.8999999999997428,45.78570175170898,36.16744995117188,25.40956115722656,24.5500545501709,30.56200408935547,25.35019874572754,28.86663055419922,33.6020393371582,66.13899993896484,51.99578857421875,27.46421813964844,28.935115814208984,66.52625274658203,44.007843017578125,J1153+8058,178.30208010833329,80.97476514166667,515,490,/arc/projects/chime_frb/vlbi/manual_triggers/2025/04/18/20250418054922/calibrator_calibrated_visibilities/J1132+6324_calibrated_to_J1153+8058_vis.h5,-0.6506857726076916,31.538061488972343,0.3881628524394738,13.94371182146803,1.0388486250471654,-17.594349667504318
215,38.831520080566406,24.74993896484375,1744955362.7199843,20250418054922,174.41949813333332,J1137+3950,39.84676115555556,883728.02446502,-4924463.3225994,3943957.56097847,-2059166.313,-3621302.972,4814304.113,-0.0050199999999862,-0.0058799999999864,0.0160100000000202,0.0159600000000201,0.0160100000000202,0.0159600000000201,-0.0050199999999862,-0.0058799999999864,-3.499999999999765,-3.699999999999768,42.37638092041016,35.44218826293945,-3.499999999999765,-3.699999999999768,42.37638473510742,35.44218444824219,26.99831199645996,23.617137908935547,27.49456024169922,25.16368293762207,28.86663055419922,33.6020393371582,66.13899993896484,51.99578857421875,26.473167419433597,31.09316635131836,55.94171142578125,46.06220626831055,J1153+8058,178.30208010833329,80.97476514166667,383,534,/arc/projects/chime_frb/vlbi/manual_triggers/2025/04/18/20250418054922/calibrator_calibrated_visibilities/J1137+3950_calibrated_to_J1153+8058_vis.h5,-0.6506857726076916,31.538061488972343,-0.3403299104186385,-9.61206556136295,0.310355862189053,-41.1501270503353
226,16.92176055908203,16.553024291992188,1744955362.7199843,20250418054922,172.05558609583332,J1128+5925,59.420777375,883728.02446502,-4924463.3225994,3943957.56097847,-2059166.313,-3621302.972,4814304.113,-0.001159999999985,-0.0020799999999853,-0.0047599999999861,-0.0047599999999861,-0.0047599999999861,-0.0047599999999861,-0.001159999999985,-0.0020799999999853,0.8000000000002956,0.6000000000002927,38.68888092041016,39.21601104736328,0.8000000000002956,0.6000000000002927,38.688873291015625,39.21601486206055,19.00831794738769,22.817758560180664,36.01560974121094,38.59226989746094,40.7340087890625,40.18658828735352,186.69293212890625,128.86135864257812,42.80921173095703,40.77487182617188,142.24639892578125,107.86095428466795,J1135+4258,173.98328741666666,42.97907138333333,494,532,/arc/projects/chime_frb/vlbi/manual_triggers/2025/04/18/20250418054922/calibrator_calibrated_visibilities/J1128+5925_calibrated_to_J1135+4258_vis.h5,-0.0029052311404779,-6.481013211356105,0.99084895029764,9.972611838693757,0.993754181438118,16.453625050049858
238,25.758075714111328,14.71432113647461,1744955362.7199843,20250418054922,172.44983193749997,J1129+5025,50.43091995555555,883728.02446502,-4924463.3225994,3943957.56097847,-2059166.313,-3621302.972,4814304.113,0.0009300000000155,-0.0048699999999861,0.0031200000000162,0.0031300000000162,0.0031200000000162,0.0031300000000162,0.0009300000000155,-0.0048699999999861,-0.6999999999997257,-1.7999999999997414,37.39624786376953,27.086580276489254,-0.6999999999997257,-1.7999999999997414,37.396263122558594,27.086580276489254,25.550128936767575,22.61188125610352,33.52378463745117,23.955549240112305,38.03068542480469,37.22499084472656,90.73230743408205,68.06092071533203,37.11834716796875,36.7464714050293,92.27839660644533,64.9310531616211,J1145+6958,176.28145293333333,69.971079725,441,451,/arc/projects/chime_frb/vlbi/manual_triggers/2025/04/18/20250418054922/calibrator_calibrated_visibilities/J1129+5025_calibrated_to_J1145+6958_vis.h5,-0.7685256753930098,20.52447149514045,0.9798757595914316,0.9799791404938746,1.7484014349844412,-19.54449235464657
239,25.992027282714844,14.323436737060549,1744955362.7199843,20250418054922,175.2065600458333,J1140+5912,59.20704904722223,883728.02446502,-4924463.3225994,3943957.56097847,-2059166.313,-3621302.972,4814304.113,0.0026200000000161,0.0059300000000171,0.0067700000000173,0.0068200000000173,0.0067700000000173,0.0068200000000173,0.0026200000000161,0.0059300000000171,-0.6999999999997257,-0.1999999999997186,32.45188522338867,26.090600967407227,-0.6999999999997257,-0.1999999999997186,32.45188522338867,26.090599060058597,25.41171264648437,25.69198989868164,31.514141082763672,26.38007164001465,38.03068542480469,37.22499084472656,90.73230743408205,68.06092071533203,35.62549591064453,33.997894287109375,75.49885559082031,60.88657379150391,J1145+6958,176.28145293333333,69.971079725,484,357,/arc/projects/chime_frb/vlbi/manual_triggers/2025/04/18/20250418054922/calibrator_calibrated_visibilities/J1140+5912_calibrated_to_J1145+6958_vis.h5,-0.7685256753930098,20.52447149514045,-0.6160721297824718,9.752626681438478,0.1524535456105379,-10.771844813701971
253,43.95408630371094,27.0839958190918,1744955362.7199843,20250418054922,174.8917061833333,J1139+3803,38.06165832222222,883728.02446502,-4924463.3225994,3943957.56097847,-2059166.313,-3621302.972,4814304.113,0.0016600000000158,-9.999999998472342e-05,0.0070600000000174,0.0070300000000174,0.0070600000000174,0.0070300000000174,0.0016600000000158,-9.999999998472342e-05,-1.1999999999997328,-1.5999999999997383,51.5677490234375,38.71232223510742,-1.1999999999997328,-1.5999999999997383,51.56772994995117,38.71232223510742,31.27057647705078,29.7661075592041,47.70346450805664,31.41584587097168,38.03068542480469,37.22499084472656,90.73230743408205,68.06092071533203,43.26212692260742,35.69852828979492,85.72022247314453,65.62290954589844,J1145+6958,176.28145293333333,69.971079725,504,459,/arc/projects/chime_frb/vlbi/manual_triggers/2025/04/18/20250418054922/calibrator_calibrated_visibilities/J1139+3803_calibrated_to_J1145+6958_vis.h5,-0.7685256753930098,20.52447149514045,-0.7220843379922839,-11.393440126482943,0.0464413374007258,-31.917911621623396
259,168.72915649414062,113.41859436035156,1744955362.7199843,20250418054922,173.98328741666666,J1135+4258,42.97907138333333,883728.02446502,-4924463.3225994,3943957.56097847,-2059166.313,-3621302.972,4814304.113,-0.0005199999999848,-0.0004999999999848,-0.0017699999999852,-0.0001499999999847,-0.0017699999999852,-0.0001499999999847,-0.0005199999999848,-0.0004999999999848,0.1000000000002856,0.1000000000002856,64.78730010986328,48.814579010009766,0.1000000000002856,0.1000000000002856,64.78731536865234,48.81458282470703,40.7340087890625,40.18658828735352,64.3820571899414,48.236358642578125,26.31256866455078,20.24663734436035,29.49880599975586,19.892112731933597,27.16455841064453,20.53362846374512,27.069446563720703,18.46862030029297,J1139+4032,174.76139261666663,40.54856704722222,455,474,/arc/projects/chime_frb/vlbi/manual_triggers/2025/04/18/20250418054922/calibrator_calibrated_visibilities/J1135+4258_calibrated_to_J1139+4032_vis.h5,-0.5961002563651527,-8.907945424703586,-0.0029052311404779,-6.481013211356105,0.5931950252246748,2.426932213347481
277,12.6650390625,15.309757232666016,1744955362.7199843,20250418054922,171.91722997083332,J1127+5650,56.83744314166667,883728.02446502,-4924463.3225994,3943957.56097847,-2059166.313,-3621302.972,4814304.113,0.0013000000000157,0.0003900000000154,0.0199000000000214,0.0198500000000213,0.0199000000000214,0.0198500000000213,0.0013000000000157,0.0003900000000154,-3.1999999999997613,-3.399999999999764,33.072235107421875,32.34738540649414,-3.1999999999997613,-3.399999999999764,33.07223892211914,32.34738540649414,20.489511489868164,19.91402244567871,19.885602951049805,17.822406768798828,26.91052627563477,33.180076599121094,87.17385864257812,80.2247314453125,25.59425163269043,33.67099380493164,93.55255126953124,64.00973510742188,J2344+8226,356.0157097708333,82.44455571944445,485,515,/arc/projects/chime_frb/vlbi/manual_triggers/2025/04/18/20250418054922/calibrator_calibrated_visibilities/J1127+5650_calibrated_to_J2344+8226_vis.h5,0.3031585643773976,48.089621683281415,1.1382599188950515,7.392047351899662,0.8351013545176541,-40.69757433138175
288,41.083099365234375,23.391742706298828,1744955362.7199843,20250418054922,174.41949813333332,J1137+3950,39.84676115555556,883728.02446502,-4924463.3225994,3943957.56097847,-2059166.313,-3621302.972,4814304.113,-0.0013599999999851,-0.0030999999999856,0.0194400000000212,0.0260800000000232,0.0194400000000212,0.0260800000000232,-0.0013599999999851,-0.0030999999999856,-3.899999999999771,-4.299999999999777,41.55675506591797,34.719139099121094,-3.899999999999771,-4.299999999999777,41.5567512512207,34.719146728515625,26.99831199645996,23.617137908935547,24.280174255371094,21.3992862701416,26.91052627563477,33.180076599121094,87.17385864257812,80.2247314453125,20.51807403564453,33.76573944091797,70.59869384765625,69.93681335449219,J2344+8226,356.0157097708333,82.44455571944445,376,512,/arc/projects/chime_frb/vlbi/manual_triggers/2025/04/18/20250418054922/calibrator_calibrated_visibilities/J1137+3950_calibrated_to_J2344+8226_vis.h5,0.3031585643773976,48.089621683281415,-0.3403299104186385,-9.61206556136295,-0.6434884747960361,-57.70168724464436
292,25.434436798095703,25.3309326171875,1744955362.7199843,20250418054922,172.7220109,J1130+3815,38.25515191111111,883728.02446502,-4924463.3225994,3943957.56097847,-2059166.313,-3621302.972,4814304.113,-0.0008099999999849,-0.0008199999999849,-0.0016999999999852,-0.0017099999999852,-0.0016999999999852,-0.0017099999999852,-0.0008099999999849,-0.0008199999999849,0.200000000000287,0.200000000000287,50.28047561645508,52.15524291992188,0.200000000000287,0.200000000000287,50.28047561645508,52.15523147583008,22.309467315673828,23.004119873046875,50.00970458984375,51.42247009277344,40.7340087890625,40.18658828735352,186.69293212890625,128.86135864257812,35.47358703613281,41.29938507080078,161.7921905517578,115.36719512939452,J1135+4258,173.98328741666666,42.97907138333333,516,524,/arc/projects/chime_frb/vlbi/manual_triggers/2025/04/18/20250418054922/calibrator_calibrated_visibilities/J1130+3815_calibrated_to_J1135+4258_vis.h5,-0.0029052311404779,-6.481013211356105,0.983706111126318,-11.197301015894343,0.986611342266796,-4.716287804538238
306,170.6016845703125,125.881103515625,1744955362.7199843,20250418054922,173.98328741666666,J1135+4258,42.97907138333333,883728.02446502,-4924463.3225994,3943957.56097847,-2059166.313,-3621302.972,4814304.113,2.0000000015313324e-05,0.0008800000000155,0.0014600000000157,0.0014200000000157,0.0014600000000157,0.0014200000000157,2.0000000015313324e-05,0.0008800000000155,-0.4999999999997229,-0.29999999999972,32.466880798339844,23.82945251464844,-0.4999999999997229,-0.29999999999972,32.466880798339844,23.829456329345703,40.7340087890625,40.18658828735352,31.577890396118164,23.573776245117188,13.20821762084961,11.14255428314209,13.370162963867188,8.384567260742188,13.17611026763916,11.941001892089844,11.431648254394531,6.667404174804688,J1136+5643,174.11649584999998,56.72827846944445,535,513,/arc/projects/chime_frb/vlbi/manual_triggers/2025/04/18/20250418054922/calibrator_calibrated_visibilities/J1135+4258_calibrated_to_J1136+5643_vis.h5,-0.0649161709800473,7.268313927413565,-0.0029052311404779,-6.481013211356105,0.0620109398395694,-13.749327138769669
310,31.08966827392578,18.41010284423828,1744955362.7199843,20250418054922,174.76139261666663,J1139+4032,40.54856704722222,883728.02446502,-4924463.3225994,3943957.56097847,-2059166.313,-3621302.972,4814304.113,0.0020000000000159,0.0006300000000155,0.0038000000000164,0.0037700000000164,0.0038000000000164,0.0037700000000164,0.0020000000000159,0.0006300000000155,-0.3999999999997214,-0.4999999999997229,34.389102935791016,20.883405685424805,-0.3999999999997214,-0.4999999999997229,34.38908767700195,20.883405685424805,26.31256866455078,20.24663734436035,33.863216400146484,20.23375701904297,21.673587799072266,17.779048919677734,25.74642944335937,14.944206237792969,23.890480041503903,19.25359535217285,23.902732849121094,15.162200927734377,J1139+5300,174.84653645833333,53.01521246666667,437,401,/arc/projects/chime_frb/vlbi/manual_triggers/2025/04/18/20250418054922/calibrator_calibrated_visibilities/J1139+4032_calibrated_to_J1139+5300_vis.h5,-0.5141240530109968,3.558523448575261,-0.5961002563651527,-8.907945424703586,-0.0819762033541559,-12.466468873278847
318,28.778461456298828,17.537612915039062,1744955362.7199843,20250418054922,174.76139261666663,J1139+4032,40.54856704722222,883728.02446502,-4924463.3225994,3943957.56097847,-2059166.313,-3621302.972,4814304.113,0.0005100000000154,0.0014400000000157,0.0063800000000172,0.0063800000000172,0.0063800000000172,0.0063800000000172,0.0005100000000154,0.0014400000000157,-1.499999999999737,-1.2999999999997345,46.22707748413086,31.45636749267578,-1.499999999999737,-1.2999999999997345,46.22708511352539,31.45638084411621,26.31256866455078,20.24663734436035,36.59720230102539,27.70980262756348,38.03068542480469,37.22499084472656,90.73230743408205,68.06092071533203,41.92400741577149,37.43432235717773,90.14787292480467,66.67892456054688,J1145+6958,176.28145293333333,69.971079725,470,439,/arc/projects/chime_frb/vlbi/manual_triggers/2025/04/18/20250418054922/calibrator_calibrated_visibilities/J1139+4032_calibrated_to_J1145+6958_vis.h5,-0.7685256753930098,20.52447149514045,-0.5961002563651527,-8.907945424703586,0.172425419027857,-29.43241691984404
320,24.298606872558597,14.727439880371094,1744955362.7199843,20250418054922,174.84653645833333,J1139+5300,53.01521246666667,883728.02446502,-4924463.3225994,3943957.56097847,-2059166.313,-3621302.972,4814304.113,-0.0006199999999848,-0.0041199999999859,0.0043700000000166,0.0044500000000166,0.0043700000000166,0.0044500000000166,-0.0006199999999848,-0.0041199999999859,-0.8999999999997286,-1.69999999999974,34.336448669433594,23.60150146484375,-0.8999999999997286,-1.69999999999974,34.33644104003906,23.60149574279785,21.673587799072266,17.779048919677734,32.03619384765625,21.654327392578125,38.03068542480469,37.22499084472656,90.73230743408205,68.06092071533203,41.478477478027344,35.602928161621094,91.68173217773438,61.746463775634766,J1145+6958,176.28145293333333,69.971079725,500,401,/arc/projects/chime_frb/vlbi/manual_triggers/2025/04/18/20250418054922/calibrator_calibrated_visibilities/J1139+5300_calibrated_to_J1145+6958_vis.h5,-0.7685256753930098,20.52447149514045,-0.5141240530109968,3.558523448575261,0.2544016223820129,-16.965948046565188
326,40.7713623046875,21.96277236938477,1744955362.7199843,20250418054922,173.14624882499996,J1132+6324,63.401971394444445,883728.02446502,-4924463.3225994,3943957.56097847,-2059166.313,-3621302.972,4814304.113,0.0013500000000157,0.0013500000000157,0.0013500000000157,0.0013500000000157,0.0013500000000157,0.0013500000000157,0.0013500000000157,0.0013500000000157,2.842170943040401e-13,2.842170943040401e-13,35.858604431152344,26.51900291442871,2.842170943040401e-13,2.842170943040401e-13,35.858604431152344,26.51900291442871,25.40956115722656,24.5500545501709,35.858604431152344,26.51900291442871,38.03068542480469,37.22499084472656,90.73230743408205,68.06092071533203,40.07818984985352,33.84035873413086,80.73454284667969,65.67515563964844,J1145+6958,176.28145293333333,69.971079725,536,438,/arc/projects/chime_frb/vlbi/manual_triggers/2025/04/18/20250418054922/calibrator_calibrated_visibilities/J1132+6324_calibrated_to_J1145+6958_vis.h5,-0.7685256753930098,20.52447149514045,0.3881628524394738,13.94371182146803,1.1566885278324837,-6.58075967367242
333,17.50202178955078,12.385730743408203,1744955362.7199843,20250418054922,175.1235224708333,J1140+4657,46.95781773611112,883728.02446502,-4924463.3225994,3943957.56097847,-2059166.313,-3621302.972,4814304.113,0.0007100000000155,0.0016500000000158,0.0069900000000174,0.0070300000000174,0.0069900000000174,0.0070300000000174,0.0007100000000155,0.0016500000000158,-1.3999999999997357,-1.1999999999997328,32.099552154541016,23.0364933013916,-1.3999999999997357,-1.1999999999997328,32.09957504272461,23.0364933013916,23.395082473754883,14.872958183288574,25.40989112854004,18.80304718017578,38.03068542480469,37.22499084472656,90.73230743408205,68.06092071533203,31.769760131835938,36.06713485717773,80.810546875,62.6745719909668,J1145+6958,176.28145293333333,69.971079725,457,469,/arc/projects/chime_frb/vlbi/manual_triggers/2025/04/18/20250418054922/calibrator_calibrated_visibilities/J1140+4657_calibrated_to_J1145+6958_vis.h5,-0.7685256753930098,20.52447149514045,-0.7779111417852055,-2.495748916383988,-0.0093854663921957,-23.02022041152444
334,16.413990020751953,17.57086944580078,1744955362.7199843,20250418054922,172.05558609583332,J1128+5925,59.420777375,883728.02446502,-4924463.3225994,3943957.56097847,-2059166.313,-3621302.972,4814304.113,0.0021500000000159,-0.0005499999999848,0.0183000000000209,0.0250100000000229,0.0183000000000209,0.0250100000000229,0.0021500000000159,-0.0005499999999848,-2.899999999999757,-3.499999999999765,35.584083557128906,36.20098876953125,-2.899999999999757,-3.499999999999765,35.58407974243164,36.20098876953125,19.00831794738769,22.817758560180664,21.66109848022461,18.77151679992676,26.91052627563477,33.180076599121094,87.17385864257812,80.2247314453125,24.06851577758789,35.2187614440918,85.45491790771484,72.92445373535156,J2344+8226,356.0157097708333,82.44455571944445,445,528,/arc/projects/chime_frb/vlbi/manual_triggers/2025/04/18/20250418054922/calibrator_calibrated_visibilities/J1128+5925_calibrated_to_J2344+8226_vis.h5,0.3031585643773976,48.089621683281415,0.99084895029764,9.972611838693757,0.6876903859202425,-38.117009844587656
369,33.58671569824219,26.90735626220703,1744955362.7199843,20250418054922,173.14624882499996,J1132+6324,63.401971394444445,883728.02446502,-4924463.3225994,3943957.56097847,-2059166.313,-3621302.972,4814304.113,0.0028700000000161,0.0028600000000161,0.0181400000000208,0.0203800000000215,0.0181400000000208,0.0203800000000215,0.0028700000000161,0.0028600000000161,-2.699999999999754,-2.699999999999754,43.28597640991211,34.177589416503906,-2.699999999999754,-2.699999999999754,43.28597259521485,34.17758560180664,25.40956115722656,24.5500545501709,29.40896987915039,19.15904426574707,26.91052627563477,33.180076599121094,87.17385864257812,80.2247314453125,24.649215698242188,30.59173011779785,80.34130859375,69.02544403076172,J2344+8226,356.0157097708333,82.44455571944445,468,464,/arc/projects/chime_frb/vlbi/manual_triggers/2025/04/18/20250418054922/calibrator_calibrated_visibilities/J1132+6324_calibrated_to_J2344+8226_vis.h5,0.3031585643773976,48.089621683281415,0.3881628524394738,13.94371182146803,0.0850042880620762,-34.14590986181339
377,132.16192626953125,104.67144012451172,1744955362.7199843,20250418054922,173.98328741666666,J1135+4258,42.97907138333333,883728.02446502,-4924463.3225994,3943957.56097847,-2059166.313,-3621302.972,4814304.113,-0.0021199999999853,-0.001209999999985,-0.0008299999999849,-0.0008299999999849,-0.0008299999999849,-0.0008299999999849,-0.0021199999999853,-0.001209999999985,-0.0999999999997172,0.1000000000002856,57.21275329589844,48.05587387084961,-0.0999999999997172,0.1000000000002856,57.21276092529297,48.05587005615234,40.7340087890625,40.18658828735352,56.90607452392578,48.34737396240234,31.27057647705078,29.7661075592041,47.54456329345703,30.28895568847656,30.983774185180664,29.24571228027344,42.12373733520508,27.7904052734375,J1139+3803,174.8917061833333,38.06165832222222,492,478,/arc/projects/chime_frb/vlbi/manual_triggers/2025/04/18/20250418054922/calibrator_calibrated_visibilities/J1135+4258_calibrated_to_J1139+3803_vis.h5,-0.7220843379922839,-11.393440126482943,-0.0029052311404779,-6.481013211356105,0.719179106851806,4.912426915126838
388,22.8881950378418,26.91063690185547,1744955362.7199843,20250418054922,172.7220109,J1130+3815,38.25515191111111,883728.02446502,-4924463.3225994,3943957.56097847,-2059166.313,-3621302.972,4814304.113,-0.0020499999999853,-0.001139999999985,0.0179900000000208,0.008940000000018,0.0179900000000208,0.008940000000018,-0.0020499999999853,-0.001139999999985,-3.2999999999997627,-3.09999999999976,40.99018478393555,41.22724533081055,-3.2999999999997627,-3.09999999999976,40.99018859863281,41.22726440429688,22.309467315673828,23.004119873046875,24.02500915527344,26.52921867370605,28.86663055419922,33.6020393371582,66.13899993896484,51.99578857421875,26.059415817260746,33.6005744934082,61.08831787109375,43.12815856933594,J1153+8058,178.30208010833329,80.97476514166667,477,555,/arc/projects/chime_frb/vlbi/manual_triggers/2025/04/18/20250418054922/calibrator_calibrated_visibilities/J1130+3815_calibrated_to_J1153+8058_vis.h5,-0.6506857726076916,31.538061488972343,0.983706111126318,-11.197301015894343,1.6343918837340097,-42.735362504866686
392,22.097023010253903,18.78089141845703,1744955362.7199843,20250418054922,172.26723909166662,J1129+5638,56.64556688888889,883728.02446502,-4924463.3225994,3943957.56097847,-2059166.313,-3621302.972,4814304.113,0.0031000000000162,0.0004200000000154,-5.999999998471117e-05,1.5307199952019346e-14,-5.999999998471117e-05,1.5307199952019346e-14,0.0031000000000162,0.0004200000000154,0.5000000000002913,-0.0999999999997172,34.064170837402344,29.46762084960937,0.5000000000002913,-0.0999999999997172,34.06417465209961,29.467626571655277,26.511619567871094,21.60594367980957,33.5975456237793,29.26898002624512,25.497926712036133,21.189430236816406,38.03120422363281,19.565330505371094,22.405031204223636,21.602861404418945,28.955406188964844,17.446739196777344,J1132+5100,173.20993710833332,51.00553305555555,555,548,/arc/projects/chime_frb/vlbi/manual_triggers/2025/04/18/20250418054922/calibrator_calibrated_visibilities/J1129+5638_calibrated_to_J1132+5100_vis.h5,0.4901969886722405,1.5475495256957372,0.9515206487836568,7.195532242384057,0.4613236601114163,5.64798271668832
399,42.64229202270508,25.474048614501957,1744955362.7199843,20250418054922,174.41949813333332,J1137+3950,39.84676115555556,883728.02446502,-4924463.3225994,3943957.56097847,-2059166.313,-3621302.972,4814304.113,-0.0028899999999855,-0.0037499999999858,0.002490000000016,0.002480000000016,0.002490000000016,0.002480000000016,-0.0028899999999855,-0.0037499999999858,-1.1999999999997328,-1.3999999999997357,39.556617736816406,30.184053421020508,-1.1999999999997328,-1.3999999999997357,39.556617736816406,30.184062957763672,26.99831199645996,23.617137908935547,34.223331451416016,25.8790340423584,38.03068542480469,37.22499084472656,90.73230743408205,68.06092071533203,34.46549987792969,38.473106384277344,89.1346206665039,68.55848693847656,J1145+6958,176.28145293333333,69.971079725,413,478,/arc/projects/chime_frb/vlbi/manual_triggers/2025/04/18/20250418054922/calibrator_calibrated_visibilities/J1137+3950_calibrated_to_J1145+6958_vis.h5,-0.7685256753930098,20.52447149514045,-0.3403299104186385,-9.61206556136295,0.4281957649743712,-30.1365370565034
407,31.13037872314453,14.35171127319336,1744955362.7199843,20250418054922,173.20993710833332,J1132+5100,51.00553305555555,883728.02446502,-4924463.3225994,3943957.56097847,-2059166.313,-3621302.972,4814304.113,-0.0002799999999847,0.0011000000000156,0.0015200000000157,0.0015300000000157,0.0015200000000157,0.0015300000000157,-0.0002799999999847,0.0011000000000156,-0.3999999999997214,0.1000000000002856,33.47721862792969,21.99591445922852,-0.3999999999997214,0.1000000000002856,33.47721862792969,21.99591445922852,25.497926712036133,21.189430236816406,32.748592376708984,21.886064529418945,21.673587799072266,17.779048919677734,25.74642944335937,14.944206237792969,21.270187377929688,17.935068130493164,25.71204376220703,14.943954467773438,J1139+5300,174.84653645833333,53.01521246666667,507,441,/arc/projects/chime_frb/vlbi/manual_triggers/2025/04/18/20250418054922/calibrator_calibrated_visibilities/J1132+5100_calibrated_to_J1139+5300_vis.h5,-0.5141240530109968,3.558523448575261,0.4901969886722405,1.5475495256957372,1.004321041683237,-2.0109739228795243
414,19.723438262939453,17.807132720947266,1744955362.7199843,20250418054922,172.26723909166662,J1129+5638,56.64556688888889,883728.02446502,-4924463.3225994,3943957.56097847,-2059166.313,-3621302.972,4814304.113,-0.0107199999999879,0.0009300000000155,0.0058800000000171,0.005850000000017,0.0058800000000171,0.005850000000017,-0.0107199999999879,0.0009300000000155,-2.4999999999997518,-0.8999999999997286,36.78659439086914,33.81476593017578,-2.4999999999997518,-0.8999999999997286,36.78658676147461,33.81476593017578,26.511619567871094,21.60594367980957,37.16998672485352,30.067790985107425,38.03068542480469,37.22499084472656,90.73230743408205,68.06092071533203,40.44126892089844,35.913963317871094,83.46305847167969,66.52812957763672,J1145+6958,176.28145293333333,69.971079725,544,481,/arc/projects/chime_frb/vlbi/manual_triggers/2025/04/18/20250418054922/calibrator_calibrated_visibilities/J1129+5638_calibrated_to_J1145+6958_vis.h5,-0.7685256753930098,20.52447149514045,0.9515206487836568,7.195532242384057,1.7200463241766666,-13.328939252756392
426,42.51462936401367,24.56262588500977,1744955362.7199843,20250418054922,174.41949813333332,J1137+3950,39.84676115555556,883728.02446502,-4924463.3225994,3943957.56097847,-2059166.313,-3621302.972,4814304.113,-0.004569999999986,-0.0049899999999862,-0.0018699999999852,-0.0018599999999852,-0.0018699999999852,-0.0018599999999852,-0.004569999999986,-0.0049899999999862,-0.5999999999997243,-0.8999999999997286,34.19683837890625,21.238975524902344,-0.5999999999997243,-0.8999999999997286,34.19683837890625,21.238985061645508,26.99831199645996,23.617137908935547,32.7830924987793,19.91720390319824,21.673587799072266,17.779048919677734,25.74642944335937,14.944206237792969,20.844430923461918,17.141220092773438,22.68100357055664,16.36166000366211,J1139+5300,174.84653645833333,53.01521246666667,364,414,/arc/projects/chime_frb/vlbi/manual_triggers/2025/04/18/20250418054922/calibrator_calibrated_visibilities/J1137+3950_calibrated_to_J1139+5300_vis.h5,-0.5141240530109968,3.558523448575261,-0.3403299104186385,-9.61206556136295,0.1737941425923583,-13.170589009938212
432,21.365699768066406,24.10400390625,1744955362.7199843,20250418054922,172.7220109,J1130+3815,38.25515191111111,883728.02446502,-4924463.3225994,3943957.56097847,-2059166.313,-3621302.972,4814304.113,-0.0029099999999855,-0.0038299999999858,0.0010500000000156,-0.0006199999999848,0.0010500000000156,-0.0006199999999848,-0.0029099999999855,-0.0038299999999858,-0.6999999999997257,-0.8999999999997286,33.054141998291016,23.912294387817383,-0.6999999999997257,-0.8999999999997286,33.05414581298828,23.91229820251465,22.309467315673828,23.004119873046875,30.40629005432129,22.99907684326172,29.804826736450195,20.029268264770508,31.24805450439453,27.65546417236328,26.411035537719727,20.22737693786621,24.797504425048828,21.897117614746094,J1135+3708,173.77471806666665,37.14465811666667,510,520,/arc/projects/chime_frb/vlbi/manual_triggers/2025/04/18/20250418054922/calibrator_calibrated_visibilities/J1130+3815_calibrated_to_J1135+3708_vis.h5,0.1586648077313948,-12.315326515453147,0.983706111126318,-11.197301015894343,0.8250413033949231,1.1180254995588044
434,15.872257232666016,17.49976348876953,1744955362.7199843,20250418054922,172.05558609583332,J1128+5925,59.420777375,883728.02446502,-4924463.3225994,3943957.56097847,-2059166.313,-3621302.972,4814304.113,-0.0020499999999853,-0.0020399999999853,0.0015500000000157,0.0015400000000157,0.0015500000000157,0.0015400000000157,-0.0020499999999853,-0.0020399999999853,-0.7999999999997272,-0.7999999999997272,35.22300720214844,29.652013778686523,-0.7999999999997272,-0.7999999999997272,35.22300720214844,29.652013778686523,19.00831794738769,22.817758560180664,34.33914566040039,28.11259651184082,38.03068542480469,37.22499084472656,90.73230743408205,68.06092071533203,41.29027938842773,38.929141998291016,80.58235931396484,65.45989227294922,J1145+6958,176.28145293333333,69.971079725,503,507,/arc/projects/chime_frb/vlbi/manual_triggers/2025/04/18/20250418054922/calibrator_calibrated_visibilities/J1128+5925_calibrated_to_J1145+6958_vis.h5,-0.7685256753930098,20.52447149514045,0.99084895029764,9.972611838693757,1.7593746256906495,-10.551859656446696
438,42.72883987426758,26.16245651245117,1744955362.7199843,20250418054922,174.41949813333332,J1137+3950,39.84676115555556,883728.02446502,-4924463.3225994,3943957.56097847,-2059166.313,-3621302.972,4814304.113,-0.004309999999986,-0.0060799999999865,-0.0056699999999864,-0.0056199999999864,-0.0056699999999864,-0.0056199999999864,-0.004309999999986,-0.0060799999999865,0.1000000000002856,-0.29999999999972,44.2037467956543,31.930774688720703,0.1000000000002856,-0.29999999999972,44.20376205444336,31.930768966674805,26.99831199645996,23.617137908935547,43.9598274230957,31.90250015258789,26.31256866455078,20.24663734436035,29.49880599975586,19.892112731933597,25.64751243591309,20.713911056518555,25.81949615478516,20.133289337158203,J1139+4032,174.76139261666663,40.54856704722222,369,482,/arc/projects/chime_frb/vlbi/manual_triggers/2025/04/18/20250418054922/calibrator_calibrated_visibilities/J1137+3950_calibrated_to_J1139+4032_vis.h5,-0.5961002563651527,-8.907945424703586,-0.3403299104186385,-9.61206556136295,0.2557703459465142,-0.7041201366593643
444,24.54414367675781,16.154136657714844,1744955362.7199843,20250418054922,172.44983193749997,J1129+5025,50.43091995555555,883728.02446502,-4924463.3225994,3943957.56097847,-2059166.313,-3621302.972,4814304.113,0.0001500000000153,-0.0007699999999849,0.0006500000000155,0.0006400000000155,0.0006500000000155,0.0006400000000155,0.0001500000000153,-0.0007699999999849,0.1000000000002856,-0.0999999999997172,32.758277893066406,20.10906791687012,0.1000000000002856,-0.0999999999997172,32.7582893371582,20.10906410217285,25.550128936767575,22.61188125610352,32.79987716674805,20.1064395904541,21.673587799072266,17.779048919677734,25.74642944335937,14.944206237792969,23.08850860595703,19.67892837524414,24.527816772460938,13.602680206298828,J1139+5300,174.84653645833333,53.01521246666667,422,400,/arc/projects/chime_frb/vlbi/manual_triggers/2025/04/18/20250418054922/calibrator_calibrated_visibilities/J1129+5025_calibrated_to_J1139+5300_vis.h5,-0.5141240530109968,3.558523448575261,0.9798757595914316,0.9799791404938746,1.4939998126024283,-2.578544308081387
447,13.801521301269531,16.912742614746094,1744955362.7199843,20250418054922,171.91722997083332,J1127+5650,56.83744314166667,883728.02446502,-4924463.3225994,3943957.56097847,-2059166.313,-3621302.972,4814304.113,-6.999999998471423e-05,-0.0001599999999847,0.0144700000000197,0.0144300000000197,0.0144700000000197,0.0144300000000197,-6.999999998471423e-05,-0.0001599999999847,-2.4999999999997518,-2.4999999999997518,34.60903549194336,31.34449005126953,-2.4999999999997518,-2.4999999999997518,34.60903549194336,31.34449005126953,20.489511489868164,19.91402244567871,25.75940322875977,19.81151390075684,28.86663055419922,33.6020393371582,66.13899993896484,51.99578857421875,27.07920837402344,32.9269905090332,62.12395477294922,43.5560417175293,J1153+8058,178.30208010833329,80.97476514166667,523,549,/arc/projects/chime_frb/vlbi/manual_triggers/2025/04/18/20250418054922/calibrator_calibrated_visibilities/J1127+5650_calibrated_to_J1153+8058_vis.h5,-0.6506857726076916,31.538061488972343,1.1382599188950515,7.392047351899662,1.7889456915027433,-24.146014137072683
451,32.50929260253906,15.963508605957031,1744955362.7199843,20250418054922,173.20993710833332,J1132+5100,51.00553305555555,883728.02446502,-4924463.3225994,3943957.56097847,-2059166.313,-3621302.972,4814304.113,-0.0004599999999848,-0.0004499999999848,-0.0022499999999853,-0.0022299999999853,-0.0022499999999853,-0.0022299999999853,-0.0004599999999848,-0.0004499999999848,0.4000000000002899,0.4000000000002899,43.79983139038086,29.6799259185791,0.4000000000002899,0.4000000000002899,43.79983901977539,29.6799259185791,25.497926712036133,21.189430236816406,43.07622909545898,29.28767967224121,26.31256866455078,20.24663734436035,29.49880599975586,19.892112731933597,26.382219314575195,19.731908798217773,26.66104888916016,21.833709716796875,J1139+4032,174.76139261666663,40.54856704722222,471,502,/arc/projects/chime_frb/vlbi/manual_triggers/2025/04/18/20250418054922/calibrator_calibrated_visibilities/J1132+5100_calibrated_to_J1139+4032_vis.h5,-0.5961002563651527,-8.907945424703586,0.4901969886722405,1.5475495256957372,1.0862972450373931,10.455494950399324
452,63.286109924316406,47.487884521484375,1744955362.7199843,20250418054922,178.30208010833329,J1153+8058,80.97476514166667,883728.02446502,-4924463.3225994,3943957.56097847,-2059166.313,-3621302.972,4814304.113,0.0036600000000164,0.0018700000000158,0.0054700000000169,0.0054500000000169,0.0054700000000169,0.0054500000000169,0.0036600000000164,0.0018700000000158,-0.3999999999997214,-0.7999999999997272,52.98260116577149,52.03851318359375,-0.3999999999997214,-0.7999999999997272,52.98259735107422,52.03850936889648,28.86663055419922,33.6020393371582,51.68882369995117,47.94390487670898,26.91052627563477,33.180076599121094,87.17385864257812,80.2247314453125,22.57826042175293,33.70478439331055,66.73143005371094,70.05906677246094,J2344+8226,356.0157097708333,82.44455571944445,465,534,/arc/projects/chime_frb/vlbi/manual_triggers/2025/04/18/20250418054922/calibrator_calibrated_visibilities/J1153+8058_calibrated_to_J2344+8226_vis.h5,0.3031585643773976,48.089621683281415,-0.6506857726076916,31.538061488972343,-0.9538443369850892,-16.55156019430907
458,23.18661117553711,26.43354034423828,1744955362.7199843,20250418054922,172.7220109,J1130+3815,38.25515191111111,883728.02446502,-4924463.3225994,3943957.56097847,-2059166.313,-3621302.972,4814304.113,4.000000001531945e-05,-0.0008499999999849,0.0004600000000154,0.0004100000000154,0.0004600000000154,0.0004100000000154,4.000000001531945e-05,-0.0008499999999849,0.1000000000002856,-0.0999999999997172,37.34203720092773,32.208335876464844,0.1000000000002856,-0.0999999999997172,37.34203720092773,32.208335876464844,22.309467315673828,23.004119873046875,37.169471740722656,32.283058166503906,25.497926712036133,21.189430236816406,38.03120422363281,19.565330505371094,23.63035011291504,21.39441299438477,28.062744140625,18.780044555664062,J1132+5100,173.20993710833332,51.00553305555555,510,565,/arc/projects/chime_frb/vlbi/manual_triggers/2025/04/18/20250418054922/calibrator_calibrated_visibilities/J1130+3815_calibrated_to_J1132+5100_vis.h5,0.4901969886722405,1.5475495256957372,0.983706111126318,-11.197301015894343,0.4935091224540774,-12.74485054159008
460,18.108909606933597,13.652915954589844,1744955362.7199843,20250418054922,175.1235224708333,J1140+4657,46.95781773611112,883728.02446502,-4924463.3225994,3943957.56097847,-2059166.313,-3621302.972,4814304.113,0.0031300000000162,0.002270000000016,0.0239100000000226,0.0305900000000246,0.0239100000000226,0.0305900000000246,0.0031300000000162,0.002270000000016,-3.899999999999771,-4.099999999999774,32.406219482421875,22.54070472717285,-3.899999999999771,-4.099999999999774,32.406219482421875,22.54070472717285,23.395082473754883,14.872958183288574,18.052064895629883,17.28206443786621,26.91052627563477,33.180076599121094,87.17385864257812,80.2247314453125,21.06922912597656,31.06430053710937,76.02387237548828,77.07938385009766,J2344+8226,356.0157097708333,82.44455571944445,407,490,/arc/projects/chime_frb/vlbi/manual_triggers/2025/04/18/20250418054922/calibrator_calibrated_visibilities/J1140+4657_calibrated_to_J2344+8226_vis.h5,0.3031585643773976,48.089621683281415,-0.7779111417852055,-2.495748916383988,-1.0810697061626031,-50.5853705996654
464,22.341697692871094,21.176101684570312,1744955362.7199843,20250418054922,172.26723909166662,J1129+5638,56.64556688888889,883728.02446502,-4924463.3225994,3943957.56097847,-2059166.313,-3621302.972,4814304.113,0.0051600000000168,0.0069400000000174,0.0033700000000163,0.0033800000000163,0.0033700000000163,0.0033800000000163,0.0051600000000168,0.0069400000000174,0.4000000000002899,0.8000000000002956,33.82872009277344,29.143693923950195,0.4000000000002899,0.8000000000002956,33.82872009277344,29.14369773864746,26.511619567871094,21.60594367980957,33.12685012817383,28.11668586730957,26.99831199645996,23.617137908935547,44.77031707763672,25.919845581054688,27.61676979064941,23.18484115600586,35.713871002197266,23.77606964111328,J1137+3950,174.41949813333332,39.84676115555556,394,504,/arc/projects/chime_frb/vlbi/manual_triggers/2025/04/18/20250418054922/calibrator_calibrated_visibilities/J1129+5638_calibrated_to_J1137+3950_vis.h5,-0.3403299104186385,-9.61206556136295,0.9515206487836568,7.195532242384057,1.2918505592022953,16.807597803747008
465,34.30091094970703,24.3419189453125,1744955362.7199843,20250418054922,173.77471806666665,J1135+3708,37.14465811666667,883728.02446502,-4924463.3225994,3943957.56097847,-2059166.313,-3621302.972,4814304.113,0.0018000000000158,0.0027100000000161,0.0095100000000182,0.0095300000000182,0.0095100000000182,0.0095300000000182,0.0018000000000158,0.0027100000000161,-2.39999999999975,-2.199999999999747,38.53514099121094,29.59774398803711,-2.39999999999975,-2.199999999999747,38.53514862060547,29.59774398803711,29.804826736450195,20.029268264770508,30.068866729736328,24.810279846191406,28.86663055419922,33.6020393371582,66.13899993896484,51.99578857421875,27.913299560546875,30.951147079467773,59.12932205200195,44.6092414855957,J1153+8058,178.30208010833329,80.97476514166667,523,517,/arc/projects/chime_frb/vlbi/manual_triggers/2025/04/18/20250418054922/calibrator_calibrated_visibilities/J1135+3708_calibrated_to_J1153+8058_vis.h5,-0.6506857726076916,31.538061488972343,0.1586648077313948,-12.315326515453147,0.8093505803390864,-43.8533880044255
470,25.799671173095703,21.375652313232425,1744955362.7199843,20250418054922,172.7220109,J1130+3815,38.25515191111111,883728.02446502,-4924463.3225994,3943957.56097847,-2059166.313,-3621302.972,4814304.113,-0.0008199999999849,-0.0007599999999849,0.0045800000000167,0.0046000000000167,0.0045800000000167,0.0046000000000167,-0.0008199999999849,-0.0007599999999849,-1.1999999999997328,-1.1999999999997328,40.85715866088867,36.994590759277344,-1.1999999999997328,-1.1999999999997328,40.85717391967773,36.994590759277344,22.309467315673828,23.004119873046875,37.25053787231445,31.9079704284668,38.03068542480469,37.22499084472656,90.73230743408205,68.06092071533203,38.98931884765625,36.853515625,88.43492889404297,62.33088302612305,J1145+6958,176.28145293333333,69.971079725,517,505,/arc/projects/chime_frb/vlbi/manual_triggers/2025/04/18/20250418054922/calibrator_calibrated_visibilities/J1130+3815_calibrated_to_J1145+6958_vis.h5,-0.7685256753930098,20.52447149514045,0.983706111126318,-11.197301015894343,1.7522317865193278,-31.721772511034796
490,24.155105590820312,21.272499084472656,1744955362.7199843,20250418054922,172.26723909166662,J1129+5638,56.64556688888889,883728.02446502,-4924463.3225994,3943957.56097847,-2059166.313,-3621302.972,4814304.113,0.0047200000000167,0.0038200000000164,0.0227700000000222,0.0227700000000222,0.0227700000000222,0.0227700000000222,0.0047200000000167,0.0038200000000164,-3.2999999999997627,-3.499999999999765,36.63090133666992,33.919437408447266,-3.2999999999997627,-3.499999999999765,36.63087844848633,33.91945266723633,26.511619567871094,21.60594367980957,22.9858455657959,22.846162796020508,26.91052627563477,33.180076599121094,87.17385864257812,80.2247314453125,25.60128402709961,32.6136360168457,83.51068878173828,57.867713928222656,J2344+8226,356.0157097708333,82.44455571944445,467,499,/arc/projects/chime_frb/vlbi/manual_triggers/2025/04/18/20250418054922/calibrator_calibrated_visibilities/J1129+5638_calibrated_to_J2344+8226_vis.h5,0.3031585643773976,48.089621683281415,0.9515206487836568,7.195532242384057,0.6483620844062592,-40.89408944089736
493,40.109073638916016,28.67413330078125,1744955362.7199843,20250418054922,174.8917061833333,J1139+3803,38.06165832222222,883728.02446502,-4924463.3225994,3943957.56097847,-2059166.313,-3621302.972,4814304.113,0.0027400000000161,0.0018400000000158,0.0205400000000215,0.0204900000000215,0.0205400000000215,0.0204900000000215,0.0027400000000161,0.0018400000000158,-2.9999999999997584,-3.1999999999997613,47.06795501708984,42.328651428222656,-2.9999999999997584,-3.1999999999997613,47.06794738769531,42.328651428222656,31.27057647705078,29.7661075592041,31.30415344238281,29.90812110900879,28.86663055419922,33.6020393371582,66.13899993896484,51.99578857421875,26.35964012145996,33.07630157470703,59.1024055480957,43.96510314941406,J1153+8058,178.30208010833329,80.97476514166667,456,498,/arc/projects/chime_frb/vlbi/manual_triggers/2025/04/18/20250418054922/calibrator_calibrated_visibilities/J1139+3803_calibrated_to_J1153+8058_vis.h5,-0.6506857726076916,31.538061488972343,-0.7220843379922839,-11.393440126482943,-0.0713985653845923,-42.93150161545529
