incoh_snr_xx,incoh_snr_yy,ctime,event_id,calibrator_name,calibrator_ra,calibrator_dec,ra,name,dec,gbo_x,gbo_y,gbo_z,tau_xx,tau_yy,tau_no_iono_xx,tau_no_iono_yy,tec_xx,tec_yy,uncalibrated_snr_xx,uncaibrated_snr_yy,calibrated_snr_xx,caibrated_snr_yy,snr_xx,snr_yy,cal_snr_xx,cal_snr_yy,cal_incoh_snr_xx,cal_incoh_snr_yy,bw_00,bw_11,cal_snr_xx_masked,cal_snr_yy_masked,cal_incoh_snr_xx_masked,cal_incoh_snr_yy_masked,filename,x_cal,y_cal,x_tar,y_tar,delta_x,delta_y,pulsar_good_pos,tau_xx_ns,tau_yy_ns
5.234966278076172,6.243896484375,1739694259.7342567,437574971,J1011+4204,152.97573174583331,42.07593756111111,149.69685460416665,J0958+6533,65.565227225,883729.31850621,-4924463.81125919,3943956.82880664,-0.005129999999986264,0.0016500000000158124,-0.002299999999985397,-0.002469999999985449,13.50000000000076,1.100000000000584,14.788393020629883,15.18442153930664,7.873202323913574,8.481385231018066,9.150212287902832,9.674886703491211,52.31285095214844,28.710350036621094,23.49242401123047,13.017585754394531,380,561,40.094444274902344,28.182456970214844,22.927196502685547,12.621212005615234,/arc/projects/chime_frb/vlbi/OVP_astrometry_gbo/hco_comissioning_bl_gbo/437574971/calibrated/J0958+6533_calibrated_to_J1011+4204_vis.h5,-0.23773750945791106,-7.368125368841461,1.213939478817151,16.1462598918026,1.451676988275062,23.51438526064406,True,-5.129999999986263,1.6500000000158124
4.183010101318359,5.214210510253906,1739694259.7342567,437574971,J1011+4204,152.97573174583331,42.07593756111111,19.318326924999997,J0117+8928,89.47999327222223,883729.31850621,-4924463.81125919,3943956.82880664,-0.0019299999999852838,-0.006989999999986833,0.007200000000017512,0.007170000000017503,-1.99999999999946,-2.8999999999994728,23.4113826751709,8.961465835571289,14.273530960083008,7.826281547546387,16.732311248779297,9.375775337219238,52.31285095214844,28.710350036621094,23.49242401123047,13.017585754394531,572,567,49.41392135620117,28.35371971130371,20.814048767089844,11.997081756591797,/arc/projects/chime_frb/vlbi/OVP_astrometry_gbo/hco_comissioning_bl_gbo/437574971/calibrated/J0117+8928_calibrated_to_J1011+4204_vis.h5,-0.23773750945791106,-7.368125368841461,0.3605243917901488,40.91152548671519,0.5982619012480599,48.27965085555665,True,-1.9299999999852837,-6.989999999986833
6.230033874511719,4.105430603027344,1739694259.7342567,437574971,J1011+4204,152.97573174583331,42.07593756111111,152.52066954999998,J1010+4522,45.37296684166667,883729.31850621,-4924463.81125919,3943956.82880664,-0.0002399999999847663,-0.00024999999998476935,-0.0002399999999847663,-0.00024999999998476935,5.684341886080801e-13,5.684341886080801e-13,31.662185668945312,13.960455894470215,18.729034423828125,10.519333839416504,18.729034423828125,10.519333839416504,52.31285095214844,28.710350036621094,23.49242401123047,13.017585754394531,621,441,51.55949401855469,26.30866813659668,23.840072631835938,9.861003875732422,/arc/projects/chime_frb/vlbi/OVP_astrometry_gbo/hco_comissioning_bl_gbo/437574971/calibrated/J1010+4522_calibrated_to_J1011+4204_vis.h5,-0.23773750945791106,-7.368125368841461,0.0933125378211142,-4.071383343446612,0.33105004727902526,3.29674202539485,True,-0.2399999999847663,-0.24999999998476935
8.331977844238281,5.217288970947266,1739694259.7342567,437574971,J1011+4204,152.97573174583331,42.07593756111111,151.9229087125,J1007+1356,13.941555766666667,883729.31850621,-4924463.81125919,3943956.82880664,0.0020100000000159227,-0.014889999999989252,-0.010329999999987856,-0.014019999999988986,2.9000000000006096,-0.1999999999994344,17.803218841552734,9.369088172912598,11.749676704406738,8.392333984375,15.75971508026123,8.509077072143555,52.31285095214844,28.710350036621094,23.49242401123047,13.017585754394531,538,555,45.2734260559082,28.128765106201172,23.296112060546875,12.214908599853516,/arc/projects/chime_frb/vlbi/OVP_astrometry_gbo/hco_comissioning_bl_gbo/437574971/calibrated/J1007+1356_calibrated_to_J1011+4204_vis.h5,-0.23773750945791106,-7.368125368841461,0.7221376834131491,-35.49831539271368,0.9598751928710602,-28.130190023872217,True,2.0100000000159226,-14.889999999989252
19.24217987060547,5.151210784912109,1739694259.7342567,437574971,J1011+4204,152.97573174583331,42.07593756111111,153.25670962499998,J1013+2448,24.810296525000002,883729.31850621,-4924463.81125919,3943956.82880664,-9.999999984695862e-06,-0.0049499999999862085,-0.004109999999985951,-0.004049999999985933,0.7000000000005784,-0.1999999999994344,48.05280685424805,18.253211975097656,28.54977798461914,12.675230979919434,29.962228775024414,12.503373146057129,52.31285095214844,28.710350036621094,23.49242401123047,13.017585754394531,601,353,52.973873138427734,24.24878692626953,23.22093963623047,9.304496765136719,/arc/projects/chime_frb/vlbi/OVP_astrometry_gbo/hco_comissioning_bl_gbo/437574971/calibrated/J1013+2448_calibrated_to_J1011+4204_vis.h5,-0.23773750945791106,-7.368125368841461,-0.5387383885216629,-24.632028276137895,-0.30100087906375184,-17.263902907296433,True,-0.009999999984695862,-4.9499999999862085
11.406234741210938,8.756450653076172,1739694259.7342567,437574971,J1011+4204,152.97573174583331,42.07593756111111,148.69767938333334,J0954+7435,74.59920692222222,883729.31850621,-4924463.81125919,3943956.82880664,-0.001799999999985244,-0.0027199999999855257,-0.0022099999999853695,-0.0022099999999853695,0.3000000000005727,0.10000000000056986,35.738441467285156,23.674453735351562,21.357099533081055,14.97655963897705,21.09307289123535,15.007123947143555,52.31285095214844,28.710350036621094,23.49242401123047,13.017585754394531,621,565,51.37013244628906,28.538694381713867,23.245704650878906,11.553081512451172,/arc/projects/chime_frb/vlbi/OVP_astrometry_gbo/hco_comissioning_bl_gbo/437574971/calibrated/J0954+7435_calibrated_to_J1011+4204_vis.h5,-0.23773750945791106,-7.368125368841461,1.0375416875059604,25.18566895577245,1.2752791969638715,32.55379432461391,True,-1.799999999985244,-2.7199999999855256
8.70050048828125,4.752803802490234,1740170718.4205246,438050607,J2253+1608,343.4906164708333,16.148211377777777,344.4907013,B2255+58,59.15410341,883729.31850621,-4924463.81125919,3943956.82880664,0.001090000000015641,0.00015000000001535313,0.0037900000000164677,0.0037400000000164524,-0.5999999999994401,-0.7999999999994429,13.401493072509766,9.120327949523926,24.336444854736328,9.820219039916992,25.725282669067383,10.926109313964844,64.77815246582031,42.23398208618164,299.2762145996094,100.51376342773438,590,561,56.91788864135742,34.36281204223633,270.7497253417969,85.16404724121094,/arc/projects/chime_frb/vlbi/OVP_astrometry_gbo/hco_comissioning_bl_gbo/438050607/calibrated/B2255+58_calibrated_to_J2253+1608_vis.h5,-0.10997252353433862,-33.03730444066542,-0.5103727707641633,9.973307234392442,-0.4004002472298247,43.010611675057866,True,1.090000000015641,0.15000000001535313
47.92884063720703,13.65301513671875,1740170718.4205246,438050607,J2253+1608,343.4906164708333,16.148211377777777,343.5389246541666,J2254+2445,24.756506313888888,883729.31850621,-4924463.81125919,3943956.82880664,-0.00018999999998475098,-0.00017999999998474792,0.00035000000001541437,0.00035000000001541437,-0.29999999999943583,-0.29999999999943583,32.835845947265625,14.731571197509766,56.54482650756836,23.394105911254883,56.47385025024414,23.144989013671875,64.77815246582031,42.23398208618164,299.2762145996094,100.51376342773438,570,649,55.85267639160156,40.51687240600586,264.2009582519531,97.33760070800781,/arc/projects/chime_frb/vlbi/OVP_astrometry_gbo/hco_comissioning_bl_gbo/438050607/calibrated/J2254+2445_calibrated_to_J2253+1608_vis.h5,-0.10997252353433862,-33.03730444066542,-0.1344338709832307,-24.428902895670653,-0.024461347448892085,8.60840154499477,True,-0.18999999998475098,-0.17999999998474792
8.299877166748047,6.707256317138672,1740170718.4205246,438050607,J2253+1608,343.4906164708333,16.148211377777777,343.9029493333333,J2255+4202,42.04792570833333,883729.31850621,-4924463.81125919,3943956.82880664,-0.000679999999984901,-0.000679999999984901,0.0007500000000155368,0.0007600000000155399,-0.49999999999943867,-0.49999999999943867,22.583093643188477,8.912675857543945,31.751771926879883,10.469465255737305,31.067977905273438,10.221664428710938,64.77815246582031,42.23398208618164,299.2762145996094,100.51376342773438,622,413,62.01216506958008,27.234806060791016,297.4793701171875,73.43679809570312,/arc/projects/chime_frb/vlbi/OVP_astrometry_gbo/hco_comissioning_bl_gbo/438050607/calibrated/J2255+4202_calibrated_to_J2253+1608_vis.h5,-0.10997252353433862,-33.03730444066542,-0.3520959179153893,-7.135998656211269,-0.24212339438105068,25.901305784454152,True,-0.679999999984901,-0.679999999984901
10.282455444335938,7.638359069824219,1740170718.4205246,438050607,J2253+1608,343.4906164708333,16.148211377777777,344.3419705166666,J2257+4154,41.90459099722222,883729.31850621,-4924463.81125919,3943956.82880664,-0.0020699999999853266,-0.0017399999999852256,0.0029700000000162166,0.004520000000016691,-1.29999999999945,-1.3999999999994515,19.81072998046875,7.761523246765137,28.791696548461914,12.303221702575684,34.22066116333008,12.511756896972656,64.77815246582031,42.23398208618164,299.2762145996094,100.51376342773438,619,499,64.12767791748047,30.54686737060547,306.1820373535156,76.39450073242188,/arc/projects/chime_frb/vlbi/OVP_astrometry_gbo/hco_comissioning_bl_gbo/438050607/calibrated/J2257+4154_calibrated_to_J2253+1608_vis.h5,-0.10997252353433862,-33.03730444066542,-0.6799072244664786,-7.275649622713272,-0.5699347009321399,25.761654817952152,True,-2.0699999999853267,-1.7399999999852256
5.2734527587890625,4.171413421630859,1740142645.8116107,438011184,J1459+7140,224.7815996708333,71.67218518611112,226.03836977499995,J1504+6000,60.01547569444445,883729.31850621,-4924463.81125919,3943956.82880664,-0.0010799999999850235,-0.0343199999999952,0.005780000000017077,0.005840000000017095,-1.6999999999994557,-12.999999999999616,10.667312622070312,8.051280975341797,10.803191184997559,8.128000259399414,12.627629280090332,8.724145889282227,30.95020294189453,15.421951293945312,72.91632843017578,30.312442779541016,446,622,22.447771072387695,14.36880874633789,57.36444091796875,26.58173370361328,/arc/projects/chime_frb/vlbi/OVP_astrometry_gbo/hco_comissioning_bl_gbo/438011184/calibrated/J1504+6000_calibrated_to_J1459+7140_vis.h5,0.5422962718272075,22.258160728651823,0.1391585057348126,10.598490213056056,-0.40313776609239493,-11.659670515595767,True,-1.0799999999850236,-34.319999999995204
5.4773406982421875,4.953155517578125,1740142645.8116107,438011184,J1459+7140,224.7815996708333,71.67218518611112,226.94744046666665,J1507+5857,58.957680836111116,883729.31850621,-4924463.81125919,3943956.82880664,0.0008300000000155613,0.004440000000016667,0.007240000000017524,0.008950000000018048,-1.7999999999994571,-0.9999999999994458,10.437394142150879,8.18129825592041,18.865283966064453,7.885744571685791,26.115966796875,8.706413269042969,30.95020294189453,15.421951293945312,72.91632843017578,30.312442779541016,672,394,31.293569564819336,11.829422950744629,67.5792236328125,19.557140350341797,/arc/projects/chime_frb/vlbi/OVP_astrometry_gbo/hco_comissioning_bl_gbo/438011184/calibrated/J1507+5857_calibrated_to_J1459+7140_vis.h5,0.5422962718272075,22.258160728651823,-0.3306191508416594,9.544210073627523,-0.8729154226688669,-12.7139506550243,True,0.8300000000155614,4.440000000016667
4.915855407714844,6.140575408935547,1740142645.8116107,438011184,J1459+7140,224.7815996708333,71.67218518611112,226.10408242916662,J1504+1029,10.494221830555555,883729.31850621,-4924463.81125919,3943956.82880664,-0.0006099999999848796,0.002250000000015996,0.00899000000001806,0.006040000000017157,-2.2999999999994643,-1.6999999999994557,11.659740447998047,8.145122528076172,20.066532135009766,7.3621110916137695,24.996965408325195,7.548900127410889,30.95020294189453,15.421951293945312,72.91632843017578,30.312442779541016,663,576,31.035470962524414,15.330546379089355,72.39976501464844,23.067035675048828,/arc/projects/chime_frb/vlbi/OVP_astrometry_gbo/hco_comissioning_bl_gbo/438011184/calibrated/J1504+1029_calibrated_to_J1459+7140_vis.h5,0.5422962718272075,22.258160728651823,-0.01507714616971932,-38.92256071182709,-0.5573734179969269,-61.18072144047891,True,-0.6099999999848795,2.250000000015996
5.665718078613281,5.343868255615234,1740142645.8116107,438011184,J1459+7140,224.7815996708333,71.67218518611112,227.33271840416666,J1509+4726,47.44893727777777,883729.31850621,-4924463.81125919,3943956.82880664,0.0026100000000161064,0.00432000000001663,0.017430000000020637,0.017450000000020657,-2.0999999999994614,-1.6999999999994557,13.180859565734863,9.254956245422363,13.756921768188477,9.847983360290527,16.996612548828125,9.346217155456543,30.95020294189453,15.421951293945312,72.91632843017578,30.312442779541016,670,525,30.924434661865234,16.002872467041016,75.15484619140625,24.250011444091797,/arc/projects/chime_frb/vlbi/OVP_astrometry_gbo/hco_comissioning_bl_gbo/438011184/calibrated/J1509+4726_calibrated_to_J1459+7140_vis.h5,0.5422962718272075,22.258160728651823,-0.7510933393750855,-1.9593265255324637,-1.2933896112022931,-24.217487254184288,True,2.6100000000161065,4.32000000001663
7.979900360107422,5.014148712158203,1740142645.8116107,438011184,J1459+7140,224.7815996708333,71.67218518611112,227.3559564,B1508+55,55.52526409,883729.31850621,-4924463.81125919,3943956.82880664,0.0024900000000160696,-0.023069999999991757,0.011070000000018697,0.011100000000018706,-1.6999999999994557,-5.1999999999995055,8.695399284362793,10.140279769897461,10.172466278076172,9.00564956665039,12.759981155395508,10.547613143920898,30.95020294189453,15.421951293945312,72.91632843017578,30.312442779541016,498,551,26.078744888305664,15.449097633361816,62.47206115722656,22.36505126953125,/arc/projects/chime_frb/vlbi/OVP_astrometry_gbo/hco_comissioning_bl_gbo/438011184/calibrated/B1508+55_calibrated_to_J1459+7140_vis.h5,0.5422962718272075,22.258160728651823,-0.6112254572734399,6.115857761865545,-1.1535217291006474,-16.14230296678628,True,2.4900000000160696,-23.069999999991758
11.540241241455078,4.7610015869140625,1740142645.8116107,438011184,J1459+7140,224.7815996708333,71.67218518611112,226.5397082208333,J1506+3730,37.514203475,883729.31850621,-4924463.81125919,3943956.82880664,0.00019000000001536538,-0.0007199999999849133,0.00935000000001817,0.006350000000017252,-2.3999999999994657,-2.5999999999994685,14.252559661865234,8.499187469482422,19.968103408813477,8.647805213928223,33.60231399536133,8.516378402709961,30.95020294189453,15.421951293945312,72.91632843017578,30.312442779541016,669,569,30.86115264892578,14.99920654296875,71.59883117675781,26.182247161865234,/arc/projects/chime_frb/vlbi/OVP_astrometry_gbo/hco_comissioning_bl_gbo/438011184/calibrated/J1506+3730_calibrated_to_J1459+7140_vis.h5,0.5422962718272075,22.258160728651823,-0.28962210570179864,-11.900854877574732,-0.8319183775290062,-34.15901560622655,True,0.19000000001536538,-0.7199999999849133
4.493648529052734,4.216926574707031,1745271384.0747635,1113771134,J0336+3218,54.125448337499996,32.30815059444444,45.046403891666664,J0300+8202,82.04426428055555,883729.31850621,-4924463.81125919,3943956.82880664,-0.003939999999985899,7.000000001532863e-05,-0.02291999999999171,-0.014059999999988998,3.1000000000006125,3.8000000000006224,8.475424766540527,12.325597763061523,9.474151611328125,8.767969131469727,11.116304397583008,11.132552146911621,25.176006317138672,16.426742553710938,63.36003494262695,49.9417724609375,548,358,23.343875885009766,16.98394012451172,59.30166244506836,49.466156005859375,/arc/projects/chime_frb/vlbi/OVP_astrometry_gbo/hco_comissioning_bl_gbo/1113771134/calibrated/J0300+8202_calibrated_to_J0336+3218_vis.h5,0.11983675676228808,-16.92969907742588,1.209058963865631,32.900515066669726,1.089222207103343,49.830214144095606,True,-3.9399999999858992,0.07000000001532863
15.089889526367188,9.586563110351562,1714136408.9015667,378464577,J1927+7358,291.9520630999999,73.96710280277777,289.9611655507942,B1917+00,0.3610180119659464,883729.31850621,-4924463.81125919,3943956.82880664,0.001410000000015739,-0.007819999999987087,-0.01990999999999079,-0.03384999999999506,5.400000000000645,4.100000000000627,24.63256072998047,16.784687042236328,15.28417682647705,9.583405494689941,24.026464462280273,10.205648422241211,21.662948608398438,13.830118179321289,22.41424560546875,9.312271118164062,673,553,21.633865356445312,11.398035049438477,20.19305419921875,7.738376617431641,/arc/projects/chime_frb/vlbi/OVP_astrometry_gbo/hco_comissioning_bl_gbo/378464577/calibrated/B1917+00_calibrated_to_J1927+7358_vis.h5,-0.3525799452291751,24.701943589947312,0.11194349561236432,-48.912404297332145,0.4645234408415394,-73.61434788727945,True,1.4100000000157389,-7.819999999987087
6.081993103027344,4.772010803222656,1714136408.9015667,378464577,J1927+7358,291.9520630999999,73.96710280277777,291.87684402916665,J1927+6117,61.29246645833333,883729.31850621,-4924463.81125919,3943956.82880664,0.0003400000000154113,0.0006900000000155185,-0.004159999999985967,-0.004259999999985997,1.0000000000005826,1.300000000000587,11.735954284667969,8.715288162231445,12.834996223449707,8.76017951965332,14.129114151000977,9.206360816955566,21.662948608398438,13.830118179321289,22.41424560546875,9.312271118164062,672,503,22.42218780517578,12.143420219421387,18.95965576171875,8.68259048461914,/arc/projects/chime_frb/vlbi/OVP_astrometry_gbo/hco_comissioning_bl_gbo/378464577/calibrated/J1927+6117_calibrated_to_J1927+7358_vis.h5,-0.3525799452291751,24.701943589947312,-0.7147864157331257,12.031429560893965,-0.36220647050395066,-12.670514029053347,True,0.3400000000154113,0.6900000000155184
5.596546173095703,4.259128570556641,1742321742.9577868,439586471,J2200+4848,330.1024652708333,48.805581999999994,332.3392711791666,J2209+3742,37.705063083333336,883729.31850621,-4924463.81125919,3943956.82880664,0.007010000000017454,0.017560000000020684,0.0005400000000154725,0.03599000000002632,-18.8999999999997,4.800000000000637,9.426244735717773,10.25422477722168,9.592188835144043,10.220796585083008,8.507487297058105,9.707751274108887,16.528745651245117,10.86114501953125,14.272720336914062,4.896781921386719,520,481,15.71277904510498,10.447038650512695,11.204105377197266,4.101543426513672,/arc/projects/chime_frb/vlbi/OVP_astrometry_gbo/hco_comissioning_bl_gbo/439586471/calibrated/J2209+3742_calibrated_to_J2200+4848_vis.h5,0.34263068274393055,-0.391835562413113,-1.3916264570429466,-11.472496549060283,-1.7342571397868771,-11.08066098664717,True,7.010000000017453,17.560000000020683
5.750358581542969,5.662834167480469,1708653989.270775,360825419,J0414+4848,63.6636008,48.804088763888885,64.83088731666666,J0419+5722,57.38332888888889,883729.31850621,-4924463.81125919,3943956.82880664,-0.0003099999999847877,-0.002159999999985354,0.0032300000000162962,0.003190000000016284,-0.7999999999994429,-1.1999999999994486,10.29513168334961,9.945796012878418,11.429153442382812,9.433637619018555,12.979368209838867,9.542272567749023,29.94599151611328,19.868236541748047,36.31159210205078,14.53518295288086,484,497,23.31485366821289,16.21583366394043,30.713539123535156,10.182456970214844,/arc/projects/chime_frb/vlbi/OVP_astrometry_gbo/hco_comissioning_bl_gbo/360825419/calibrated/J0419+5722_calibrated_to_J0414+4848_vis.h5,0.24185568895556445,-0.4564561085771942,-0.4481926924073678,8.123141236825877,-0.6900483813629322,8.579597345403071,True,-0.3099999999847877,-2.159999999985354
26.19898223876953,13.027984619140625,1708653989.270775,360825419,J0414+4848,63.6636008,48.804088763888885,62.69004579999999,J0410+7656,76.94592038333333,883729.31850621,-4924463.81125919,3943956.82880664,-0.0012299999999850694,-0.0003399999999847969,0.001110000000015647,0.001090000000015641,-0.6999999999994415,-0.49999999999943867,21.255048751831055,14.3738374710083,33.59725570678711,16.204755783081055,34.901798248291016,16.724689483642578,29.94599151611328,19.868236541748047,36.31159210205078,14.53518295288086,574,595,26.36935806274414,19.660579681396484,32.10854721069336,11.503376007080078,/arc/projects/chime_frb/vlbi/OVP_astrometry_gbo/hco_comissioning_bl_gbo/360825419/calibrated/J0410+7656_calibrated_to_J0414+4848_vis.h5,0.24185568895556445,-0.4564561085771942,0.2492319768624294,27.68795849500677,0.007376287906864953,28.144414603583964,True,-1.2299999999850695,-0.3399999999847969
57.66279602050781,36.590694427490234,1744814292.7150311,1113169236,J2015+6554,303.98070288749994,65.91462746388889,305.70773966920376,B2021+51,51.91404194643677,883729.31850621,-4924463.81125919,3943956.82880664,-0.002959999999985599,-0.0009499999999849837,-0.0006099999999848796,-0.0006299999999848857,-0.6999999999994415,0.10000000000056986,23.291522979736328,21.1243896484375,27.915435791015625,16.11299705505371,29.11298370361328,16.03452491760254,14.782363891601562,7.624927520751953,12.472114562988281,4.913841247558594,668,491,14.564465522766113,7.425564765930176,11.474174499511719,4.851142883300781,/arc/projects/chime_frb/vlbi/OVP_astrometry_gbo/hco_comissioning_bl_gbo/1113169236/calibrated/B2021+51_calibrated_to_J2015+6554_vis.h5,0.37979453290200316,16.675097168753002,-0.5872512362294285,2.680876238946793,-0.9670457691314317,-13.99422092980621,True,-2.959999999985599,-0.9499999999849837
17.04754638671875,7.886882781982422,1744814292.7150311,1113169236,J2015+6554,303.98070288749994,65.91462746388889,305.5278406291667,J2022+6136,61.61633465833334,883729.31850621,-4924463.81125919,3943956.82880664,0.0011700000000156655,0.03973000000002748,0.0029600000000162136,0.001410000000015739,-0.39999999999943725,12.10000000000074,15.551133155822754,8.849323272705078,17.84845733642578,7.804821014404297,18.10445213317871,9.358563423156738,14.782363891601562,7.624927520751953,12.472114562988281,4.913841247558594,666,371,14.476500511169434,9.09691047668457,10.6837158203125,3.8596115112304688,/arc/projects/chime_frb/vlbi/OVP_astrometry_gbo/hco_comissioning_bl_gbo/1113169236/calibrated/J2022+6136_calibrated_to_J2015+6554_vis.h5,0.37979453290200316,16.675097168753002,-0.32279365560418827,12.380312214663784,-0.7025881885061914,-4.294784954089218,True,1.1700000000156654,39.73000000002748
30.3924560546875,6.748699188232422,1742359632.0655909,439658321,J0834+5534,128.72876670833332,55.57251952777778,130.3515219958333,J0841+7053,70.8950480388889,883729.31850621,-4924463.81125919,3943956.82880664,-0.0010199999999850051,-0.008569999999987317,-0.003259999999985691,-0.003259999999985691,0.3000000000005727,-1.1999999999994486,20.834978103637695,9.316283226013184,34.70405960083008,9.490507125854492,34.05642318725586,8.941825866699219,30.976579666137695,13.980194091796875,45.012176513671875,12.635986328125,590,355,28.435470581054688,12.796956062316895,40.26341247558594,8.23653793334961,/arc/projects/chime_frb/vlbi/OVP_astrometry_gbo/hco_comissioning_bl_gbo/439658321/calibrated/J0841+7053_calibrated_to_J0834+5534_vis.h5,-0.014651740118591548,6.1642756403973005,-0.5689409179626649,21.4920161253162,-0.5542891778440734,15.327740484918902,True,-1.0199999999850051,-8.569999999987317
5.0558624267578125,5.166553497314453,1742359632.0655909,439658321,J0834+5534,128.72876670833332,55.57251952777778,130.88182268333333,J0843+4215,42.25820129722222,883729.31850621,-4924463.81125919,3943956.82880664,0.02191000000002201,0.039990000000027545,0.0064900000000172944,-0.002629999999985498,2.700000000000607,17.200000000000813,11.482048988342285,8.323092460632324,9.463760375976562,8.446369171142578,10.141573905944824,11.1834716796875,30.976579666137695,13.980194091796875,45.012176513671875,12.635986328125,350,504,20.078575134277344,13.550533294677734,34.744388580322266,12.454513549804688,/arc/projects/chime_frb/vlbi/OVP_astrometry_gbo/hco_comissioning_bl_gbo/439658321/calibrated/J0843+4215_calibrated_to_J0834+5534_vis.h5,-0.014651740118591548,6.1642756403973005,-1.5869602908803038,-7.129661494359515,-1.5723085507617123,-13.293937134756815,True,21.91000000002201,39.99000000002754
8.7838134765625,5.547290802001953,1742359632.0655909,439658321,J0834+5534,128.72876670833332,55.57251952777778,129.27352838174977,B0834+06,6.171163989893015,883729.31850621,-4924463.81125919,3943956.82880664,0.002400000000016042,0.04678000000002963,-0.004719999999986138,0.012820000000019233,1.6000000000005912,6.700000000000664,11.575035095214844,9.514307975769043,12.253225326538086,10.482975006103516,13.877211570739746,8.68024730682373,30.976579666137695,13.980194091796875,45.012176513671875,12.635986328125,602,397,28.00495147705078,11.88708209991455,40.079994201660156,11.481727600097656,/arc/projects/chime_frb/vlbi/OVP_astrometry_gbo/hco_comissioning_bl_gbo/439658321/calibrated/B0834+06_calibrated_to_J0834+5534_vis.h5,-0.014651740118591548,6.1642756403973005,-0.4829453867504979,-43.23549973809555,-0.46829364663190637,-49.39977537849285,True,2.400000000016042,46.78000000002963
5.235866546630859,7.037982940673828,1697002660.4011226,326436982,J2253+1608,343.4906164708333,16.148211377777777,356.0157097708333,J2344+8226,82.44455571944445,883729.31850621,-4924463.81125919,3943956.82880664,-0.0003099999999847877,0.003710000000016443,-0.0003099999999847877,-0.0003399999999847969,5.684341886080801e-13,0.7000000000005784,9.245192527770996,11.26340103149414,12.602967262268066,18.07119369506836,12.602967262268066,19.400524139404297,48.785865783691406,39.73661804199219,203.08169555664062,159.82199096679688,443,480,32.78143310546875,33.70363235473633,165.23764038085938,159.69061279296875,/arc/projects/chime_frb/vlbi/OVP_astrometry_gbo/hco_comissioning_bl_gbo/326436982/calibrated/J2344+8226_calibrated_to_J2253+1608_vis.h5,0.5109178613484325,-33.043082319381966,-1.4870339513065445,33.40314420433782,-1.9979518126549771,66.44622652371979,True,-0.3099999999847877,3.7100000000164433
29.41278076171875,21.96535873413086,1697002660.4011226,326436982,J2253+1608,343.4906164708333,16.148211377777777,343.5389246541666,J2254+2445,24.756506313888888,883729.31850621,-4924463.81125919,3943956.82880664,-0.0003699999999848061,-0.00035999999998480303,-0.003589999999985792,-0.003579999999985789,0.9000000000005812,0.9000000000005812,29.853652954101562,25.458328247070312,49.60590744018555,43.84297180175781,53.45915222167969,50.93617630004883,48.785865783691406,39.73661804199219,203.08169555664062,159.82199096679688,553,553,39.83036422729492,39.128021240234375,185.39358520507812,156.26010131835938,/arc/projects/chime_frb/vlbi/OVP_astrometry_gbo/hco_comissioning_bl_gbo/326436982/calibrated/J2254+2445_calibrated_to_J2253+1608_vis.h5,0.5109178613484325,-33.043082319381966,0.4519940988610132,-24.435237225610397,-0.05892376248741932,8.60784509377157,True,-0.3699999999848061,-0.35999999998480303
47.86219787597656,33.765380859375,1697002660.4011226,326436982,J2253+1608,343.4906164708333,16.148211377777777,343.9029493333333,J2255+4202,42.04792570833333,883729.31850621,-4924463.81125919,3943956.82880664,-0.0015299999999851613,-0.0006299999999848857,-0.006279999999986616,-0.0062499999999866065,1.9000000000005954,2.1000000000005983,33.933685302734375,31.402681350708008,42.291404724121094,33.79734420776367,64.4754409790039,49.09322738647461,48.785865783691406,39.73661804199219,203.08169555664062,159.82199096679688,582,534,46.962554931640625,38.630210876464844,197.86997985839844,187.8946990966797,/arc/projects/chime_frb/vlbi/OVP_astrometry_gbo/hco_comissioning_bl_gbo/326436982/calibrated/J2255+4202_calibrated_to_J2253+1608_vis.h5,0.5109178613484325,-33.043082319381966,0.12627369364498597,-7.144809537876206,-0.38464416770344656,25.89827278150576,True,-1.5299999999851612,-0.6299999999848858
4.986480712890625,3.9826431274414062,1742355032.0302758,439648307,J0713+4349,108.40901731249998,43.821446525000006,109.98129874166665,J0719+4459,44.985235394444445,883729.31850621,-4924463.81125919,3943956.82880664,-0.011069999999988082,0.02538000000002308,-0.00243999999998544,-0.02771999999999318,4.400000000000631,18.100000000000826,10.353605270385742,8.287195205688477,8.248229026794434,8.798574447631836,9.04128360748291,9.269401550292969,12.449047088623047,8.180474281311035,7.354393005371094,5.4161224365234375,523,431,11.420567512512207,8.380855560302734,5.596469879150391,5.013664245605469,/arc/projects/chime_frb/vlbi/OVP_astrometry_gbo/hco_comissioning_bl_gbo/439648307/calibrated/J0719+4459_calibrated_to_J0713+4349_vis.h5,0.7819982591605968,-5.538648679415457,-0.34784461279733636,-4.381721179283713,-1.1298428719579332,1.1569275001317436,True,-11.069999999988083,25.380000000023077
4.956142425537109,3.4441871643066406,1742355032.0302758,439648307,J0713+4349,108.40901731249998,43.821446525000006,19.318326924999997,J0117+8928,89.47999327222223,883729.31850621,-4924463.81125919,3943956.82880664,0.017660000000020715,0.006560000000017316,-0.0014299999999851307,0.03730000000002673,3.1000000000006125,-8.699999999999555,8.366167068481445,9.568182945251465,9.076001167297363,8.091151237487793,9.429643630981445,8.879642486572266,12.449047088623047,8.180474281311035,7.354393005371094,5.4161224365234375,540,390,12.43962287902832,9.786429405212402,6.126716613769531,5.133567810058594,/arc/projects/chime_frb/vlbi/OVP_astrometry_gbo/hco_comissioning_bl_gbo/439648307/calibrated/J0117+8928_calibrated_to_J0713+4349_vis.h5,0.7819982591605968,-5.538648679415457,0.43417289952425886,40.633500129263666,-0.347825359636338,46.172148808679125,True,17.660000000020716,6.5600000000173155
6.730155944824219,3.5275039672851562,1742355032.0302758,439648307,J0713+4349,108.40901731249998,43.821446525000006,108.60340625416666,J0714+3534,35.57772089444445,883729.31850621,-4924463.81125919,3943956.82880664,0.04965000000003052,-0.04145999999999739,0.0036100000000164126,-0.0307199999999941,7.100000000000669,-29.39999999999985,9.298126220703125,9.109707832336426,8.940597534179688,8.361794471740723,9.522577285766602,9.235392570495605,12.449047088623047,8.180474281311035,7.354393005371094,5.4161224365234375,349,380,9.97437572479248,7.984475135803223,5.366401672363281,4.154003143310547,/arc/projects/chime_frb/vlbi/OVP_astrometry_gbo/hco_comissioning_bl_gbo/439648307/calibrated/J0714+3534_calibrated_to_J0713+4349_vis.h5,0.7819982591605968,-5.538648679415457,0.7405013075074764,-13.78369207344388,-0.041496951653120395,-8.245043394028425,True,49.650000000030516,-41.459999999997386
5.062656402587891,3.5605697631835938,1740161427.9183872,438036324,J2022+6136,305.5278406291667,61.61633465833334,19.318326924999997,J0117+8928,89.47999327222223,883729.31850621,-4924463.81125919,3943956.82880664,0.010920000000018651,-0.0228799999999917,-0.013879999999988943,-0.02905999999999359,18.200000000000827,-27.899999999999828,9.570265769958496,9.567939758300781,8.816621780395508,7.915645122528076,11.624320030212402,10.058979034423828,22.216650009155273,9.208889961242676,24.771224975585938,6.954315185546875,510,392,20.085590362548828,9.355120658874512,18.986881256103516,6.103687286376953,/arc/projects/chime_frb/vlbi/OVP_astrometry_gbo/hco_comissioning_bl_gbo/438036324/calibrated/J0117+8928_calibrated_to_J2022+6136_vis.h5,-0.33007647651811517,12.379913954437736,-0.34041570312266417,40.62229945890541,-0.010339226604549001,28.242385504467673,True,10.920000000018652,-22.8799999999917
12.031044006347656,3.7385597229003906,1740161427.9183872,438036324,J2022+6136,305.5278406291667,61.61633465833334,303.98070288749994,J2015+6554,65.91462746388889,883729.31850621,-4924463.81125919,3943956.82880664,-0.0025499999999854736,0.020430000000021556,-0.004679999999986126,-0.0031599999999856604,0.3000000000005727,-11.7999999999996,15.383743286132812,9.374625205993652,21.612407684326172,7.554996967315674,22.013668060302734,9.429342269897461,22.216650009155273,9.208889961242676,24.771224975585938,6.954315185546875,663,309,21.675487518310547,8.957175254821777,22.21625518798828,5.792106628417969,/arc/projects/chime_frb/vlbi/OVP_astrometry_gbo/hco_comissioning_bl_gbo/438036324/calibrated/J2015+6554_calibrated_to_J2022+6136_vis.h5,-0.33007647651811517,12.379913954437736,0.3734386459415808,16.67456864638586,0.703515122459696,4.294654691948125,True,-2.5499999999854737,20.430000000021558
77.16477966308594,4.297306060791016,1740161427.9183872,438036324,J2022+6136,305.5278406291667,61.61633465833334,305.7077400166903,B2021+51,51.91404147348467,883729.31850621,-4924463.81125919,3943956.82880664,-0.003409999999985737,0.0430800000000285,-0.0020699999999853266,0.034850000000025985,-0.09999999999943299,17.10000000000081,30.872819900512695,9.898955345153809,38.92605972290039,10.040096282958984,39.1600456237793,8.783814430236816,22.216650009155273,9.208889961242676,24.771224975585938,6.954315185546875,659,210,22.58739471435547,9.535228729248047,22.934677124023438,5.301965713500977,/arc/projects/chime_frb/vlbi/OVP_astrometry_gbo/hco_comissioning_bl_gbo/438036324/calibrated/B2021+51_calibrated_to_J2022+6136_vis.h5,-0.33007647651811517,12.379913954437736,-0.5964695071206217,2.680523785448149,-0.2663930306025066,-9.699390168989588,True,-3.409999999985737,43.0800000000285
5.5359039306640625,7.968940734863281,1701502776.8024116,341758878,J0410+7656,62.69004579999999,76.94592038333333,63.6636008,J0414+4848,48.804088763888885,883729.31850621,-4924463.81125919,3943956.82880664,-0.0010699999999850204,0.0008000000000155522,-0.0006499999999848918,-0.002299999999985397,0.10000000000056986,0.5000000000005755,10.239470481872559,11.141369819641113,9.901810646057129,14.809839248657227,9.894256591796875,15.416949272155762,20.49724006652832,19.71171760559082,33.26616668701172,24.01020050048828,552,487,19.599945068359375,17.561397552490234,30.61496353149414,22.311561584472656,/arc/projects/chime_frb/vlbi/OVP_astrometry_gbo/hco_comissioning_bl_gbo/341758878/calibrated/J0414+4848_calibrated_to_J0410+7656_vis.h5,0.6330096647512045,27.697277767047225,1.3627273710213046,-0.4402871400589447,0.7297177062701001,-28.13756490710617,True,-1.0699999999850205,0.8000000000155522
29.831985473632812,22.087547302246094,1701502776.8024116,341758878,J0410+7656,62.69004579999999,76.94592038333333,65.9833741875,J0423+4150,41.83408690555556,883729.31850621,-4924463.81125919,3943956.82880664,0.0024400000000160543,0.0015500000000157818,0.0010200000000156195,0.0010400000000156256,0.5000000000005755,0.3000000000005727,25.272369384765625,22.295045852661133,36.85200500488281,30.762420654296875,37.699710845947266,31.406513214111328,20.49724006652832,19.71171760559082,33.26616668701172,24.01020050048828,565,602,20.463098526000977,21.22925567626953,32.03187561035156,24.8817138671875,/arc/projects/chime_frb/vlbi/OVP_astrometry_gbo/hco_comissioning_bl_gbo/341758878/calibrated/J0423+4150_calibrated_to_J0410+7656_vis.h5,0.6330096647512045,27.697277767047225,-0.17271862588903214,-7.431707933185395,-0.8057282906402365,-35.12898570023262,True,2.440000000016054,1.5500000000157819
5.211490631103516,5.8460235595703125,1701502776.8024116,341758878,J0410+7656,62.69004579999999,76.94592038333333,66.0356751625,J0424+0204,2.073601066666667,883729.31850621,-4924463.81125919,3943956.82880664,0.002890000000016192,0.005280000000016924,0.023270000000022426,0.038170000000027,-6.099999999999518,-5.399999999999508,16.288917541503906,13.87722396850586,10.639142990112305,12.287177085876465,15.186588287353516,18.818439483642578,20.49724006652832,19.71171760559082,33.26616668701172,24.01020050048828,589,563,20.3898983001709,19.651994705200195,31.036041259765625,20.589279174804688,/arc/projects/chime_frb/vlbi/OVP_astrometry_gbo/hco_comissioning_bl_gbo/341758878/calibrated/J0424+0204_calibrated_to_J0410+7656_vis.h5,0.6330096647512045,27.697277767047225,-0.21925367042619626,-47.19201890372363,-0.8522633351774007,-74.88929667077085,True,2.890000000016192,5.280000000016924
9.402847290039062,4.398536682128906,1701502776.8024116,341758878,J0410+7656,62.69004579999999,76.94592038333333,64.83088731666666,J0419+5722,57.38332888888889,883729.31850621,-4924463.81125919,3943956.82880664,-0.0003099999999847877,-0.0010699999999850204,0.002370000000016033,0.0024800000000160666,-0.5999999999994401,-0.7999999999994429,16.747573852539062,10.29111099243164,19.535188674926758,13.124120712280273,20.49880027770996,15.217415809631348,20.49724006652832,19.71171760559082,33.26616668701172,24.01020050048828,581,516,20.99652862548828,19.094120025634766,32.81106185913086,22.29636001586914,/arc/projects/chime_frb/vlbi/OVP_astrometry_gbo/hco_comissioning_bl_gbo/341758878/calibrated/J0419+5722_calibrated_to_J0410+7656_vis.h5,0.6330096647512045,27.697277767047225,0.4691298425670507,8.12147690263278,-0.16387982218415376,-19.575800864414447,True,-0.3099999999847877,-1.0699999999850205
36.175941467285156,18.201438903808594,1702364407.8727949,344284963,J0410+7656,62.69004579999999,76.94592038333333,65.9833741875,J0423+4150,41.83408690555556,883729.31850621,-4924463.81125919,3943956.82880664,0.0006700000000155124,0.0007300000000155307,0.00566000000001704,0.005720000000017059,-1.29999999999945,-1.29999999999945,37.8383903503418,28.344968795776367,31.073022842407227,25.304454803466797,38.90729522705078,31.82701873779297,24.22637176513672,25.17108154296875,35.614776611328125,23.509140014648438,643,567,33.395389556884766,24.312355041503906,30.574260711669922,21.288890838623047,/arc/projects/chime_frb/vlbi/OVP_astrometry_gbo/hco_comissioning_bl_gbo/344284963/calibrated/J0423+4150_calibrated_to_J0410+7656_vis.h5,0.6235689202178597,27.696984899192643,-0.203649662400028,-7.431509110236481,-0.8272185826178877,-35.128494009429126,True,0.6700000000155124,0.7300000000155307
7.734809875488281,5.713157653808594,1702364407.8727949,344284963,J0410+7656,62.69004579999999,76.94592038333333,66.0356751625,J0424+0204,2.073601066666667,883729.31850621,-4924463.81125919,3943956.82880664,0.003160000000016275,0.0045500000000167,0.008180000000017812,0.008130000000017797,-1.29999999999945,-0.7999999999994429,11.190079689025879,12.261863708496094,12.590423583984375,10.643011093139648,13.846187591552734,11.702042579650879,24.22637176513672,25.17108154296875,35.614776611328125,23.509140014648438,469,602,29.17641258239746,24.81214714050293,29.921218872070312,22.284469604492188,/arc/projects/chime_frb/vlbi/OVP_astrometry_gbo/hco_comissioning_bl_gbo/344284963/calibrated/J0424+0204_calibrated_to_J0410+7656_vis.h5,0.6235689202178597,27.696984899192643,-0.26065497904060947,-47.191730788606435,-0.8842238992584692,-74.88871568779908,True,3.1600000000162747,4.5500000000167
6.381252288818359,5.238719940185547,1702364407.8727949,344284963,J0410+7656,62.69004579999999,76.94592038333333,64.83088731666666,J0419+5722,57.38332888888889,883729.31850621,-4924463.81125919,3943956.82880664,0.001270000000015696,-0.0005399999999848581,0.0035800000000164034,0.005150000000016884,-0.6999999999994415,-1.0999999999994472,15.963056564331055,16.647348403930664,19.427377700805664,10.855615615844727,20.676319122314453,12.99548053741455,24.22637176513672,25.17108154296875,35.614776611328125,23.509140014648438,617,594,31.47278594970703,25.114707946777344,31.194744110107422,19.51107406616211,/arc/projects/chime_frb/vlbi/OVP_astrometry_gbo/hco_comissioning_bl_gbo/344284963/calibrated/J0419+5722_calibrated_to_J0410+7656_vis.h5,0.6235689202178597,27.696984899192643,0.4467198196911247,8.12131908641108,-0.17684910052673503,-19.575665812781562,True,1.2700000000156961,-0.5399999999848581
78.36748504638672,50.978973388671875,1742617628.025481,440021683,J0825+3919,126.34868413333332,39.32937741388889,126.23118274166666,J0824+3916,39.27830666111111,883729.31850621,-4924463.81125919,3943956.82880664,-0.01128999999998815,-0.012229999999988438,-0.013559999999988845,-0.013549999999988842,0.3000000000005727,0.10000000000056986,35.00181198120117,27.130578994750977,68.65067291259766,56.244441986083984,69.16192626953125,55.81257629394531,36.00314712524414,24.945131301879883,106.20863342285156,65.55712127685547,593,608,37.321556091308594,25.07511329650879,111.49445343017578,67.2779312133789,/arc/projects/chime_frb/vlbi/OVP_astrometry_gbo/hco_comissioning_bl_gbo/440021683/calibrated/J0824+3916_calibrated_to_J0825+3919_vis.h5,0.24604266402898076,-10.073986635946076,0.33725239354393666,-10.124459599616698,0.0912097295149559,-0.050472963670621596,True,-11.289999999988149,-12.229999999988438
6.347377777099609,5.634452819824219,1742617628.025481,440021683,J0825+3919,126.34868413333332,39.32937741388889,125.8531633833333,J0823+2223,22.384246944444445,883729.31850621,-4924463.81125919,3943956.82880664,-0.002259999999985385,0.00043000000001543887,0.011870000000018942,0.010190000000018427,-3.2999999999994785,-2.69999999999947,15.546529769897461,10.473260879516602,17.295894622802734,13.857158660888672,23.769941329956055,17.583131790161133,36.00314712524414,24.945131301879883,106.20863342285156,65.55712127685547,589,408,35.48606491088867,19.110458374023438,97.69893646240234,43.2750358581543,/arc/projects/chime_frb/vlbi/OVP_astrometry_gbo/hco_comissioning_bl_gbo/440021683/calibrated/J0823+2223_calibrated_to_J0825+3919_vis.h5,0.24604266402898076,-10.073986635946076,0.7771781163302824,-27.01419873408923,0.5311354523013017,-16.940212098143157,True,-2.259999999985385,0.43000000001543887
7.135902404785156,5.230190277099609,1742617628.025481,440021683,J0825+3919,126.34868413333332,39.32937741388889,125.92138311249997,J0823+2928,29.474499919444444,883729.31850621,-4924463.81125919,3943956.82880664,-0.0008299999999849469,-0.0008299999999849469,0.016530000000020376,0.010750000000018599,-3.0999999999994756,-3.0999999999994756,15.302704811096191,11.454625129699707,18.016176223754883,12.914029121398926,28.614015579223633,20.91867446899414,36.00314712524414,24.945131301879883,106.20863342285156,65.55712127685547,522,484,31.144113540649414,22.29326820373535,94.51235961914062,51.601898193359375,/arc/projects/chime_frb/vlbi/OVP_astrometry_gbo/hco_comissioning_bl_gbo/440021683/calibrated/J0823+2928_calibrated_to_J0825+3919_vis.h5,0.24604266402898076,-10.073986635946076,0.6635175051424099,-19.925324411365565,0.41747484111342914,-9.85133777541949,True,-0.829999999984947,-0.829999999984947
14.730873107910156,5.452198028564453,1742617628.025481,440021683,J0825+3919,126.34868413333332,39.32937741388889,126.91078427916663,J0827+3525,35.41807712222222,883729.31850621,-4924463.81125919,3943956.82880664,0.0012900000000157022,-0.004539999999986083,0.00713000000001749,0.011420000000018804,-1.0999999999994472,-2.5999999999994685,14.093574523925781,9.631877899169922,26.79007339477539,12.240678787231445,32.763946533203125,18.451669692993164,36.00314712524414,24.945131301879883,106.20863342285156,65.55712127685547,561,578,33.027706146240234,24.272912979125977,109.29730987548828,55.33679962158203,/arc/projects/chime_frb/vlbi/OVP_astrometry_gbo/hco_comissioning_bl_gbo/440021683/calibrated/J0827+3525_calibrated_to_J0825+3919_vis.h5,0.24604266402898076,-10.073986635946076,-0.1930361083610605,-13.986145013516486,-0.4390787723900412,-3.9121583775704103,True,1.2900000000157021,-4.539999999986083
45.454620361328125,50.800453186035156,1742617628.025481,440021683,J0825+3919,126.34868413333332,39.32937741388889,130.3515219958333,J0841+7053,70.8950480388889,883729.31850621,-4924463.81125919,3943956.82880664,0.0022700000000160023,0.002220000000015987,0.004070000000016553,0.004030000000016541,-0.39999999999943725,-0.39999999999943725,28.291296005249023,30.09803009033203,46.42412567138672,44.081546783447266,46.37735366821289,44.75987243652344,36.00314712524414,24.945131301879883,106.20863342285156,65.55712127685547,592,602,35.91291427612305,24.779584884643555,97.62645721435547,58.0538330078125,/arc/projects/chime_frb/vlbi/OVP_astrometry_gbo/hco_comissioning_bl_gbo/440021683/calibrated/J0841+7053_calibrated_to_J0825+3919_vis.h5,0.24604266402898076,-10.073986635946076,-1.2500183818822306,21.52049451122006,-1.4960610459112114,31.594481147166135,True,2.2700000000160023,2.220000000015987
49.58473205566406,47.683204650878906,1742617628.025481,440021683,J0825+3919,126.34868413333332,39.32937741388889,128.72876670833332,J0834+5534,55.57251952777778,883729.31850621,-4924463.81125919,3943956.82880664,0.0018000000000158584,6.000000001532557e-05,-0.01510999999998932,-0.015059999999989304,2.8000000000006082,2.4000000000006025,34.77608108520508,30.604673385620117,39.899269104003906,34.736881256103516,56.60959243774414,50.674034118652344,36.00314712524414,24.945131301879883,106.20863342285156,65.55712127685547,585,595,35.826072692871094,24.472623825073242,101.71776580810547,58.50714874267578,/arc/projects/chime_frb/vlbi/OVP_astrometry_gbo/hco_comissioning_bl_gbo/440021683/calibrated/J0834+5534_calibrated_to_J0825+3919_vis.h5,0.24604266402898076,-10.073986635946076,-1.1895048143344416,6.182544808236646,-1.4355474783634223,16.25653144418272,True,1.8000000000158582,0.06000000001532557
20.380638122558594,12.791278839111328,1742617628.025481,440021683,J0825+3919,126.34868413333332,39.32937741388889,125.6536697375,J0822+5112,51.20818245555556,883729.31850621,-4924463.81125919,3943956.82880664,-0.004269999999986,-0.002459999999985446,-0.01213999999998841,-0.012089999999988395,1.5000000000005898,1.9000000000005954,28.611942291259766,19.91464614868164,36.309024810791016,23.486114501953125,39.7768669128418,29.97711944580078,36.00314712524414,24.945131301879883,106.20863342285156,65.55712127685547,590,581,34.70180892944336,24.370370864868164,100.95987701416016,53.65393829345703,/arc/projects/chime_frb/vlbi/OVP_astrometry_gbo/hco_comissioning_bl_gbo/440021683/calibrated/J0822+5112_calibrated_to_J0825+3919_vis.h5,0.24604266402898076,-10.073986635946076,0.6171024995705613,1.8091064501552943,0.3710598355415805,11.88309308610137,True,-4.269999999986,-2.4599999999854463
4.827678680419922,5.523326873779297,1742617628.025481,440021683,J0825+3919,126.34868413333332,39.32937741388889,123.21137194166664,J0812+6904,69.07120504722222,883729.31850621,-4924463.81125919,3943956.82880664,-0.005259999999986303,0.0016600000000158155,0.0001600000000153562,0.00033000000001540825,-1.1999999999994486,0.10000000000056986,9.815818786621094,8.306365013122559,12.517095565795898,10.053913116455078,12.341557502746582,10.097474098205566,36.00314712524414,24.945131301879883,106.20863342285156,65.55712127685547,399,583,25.239274978637695,25.369762420654297,80.9519271850586,54.43899917602539,/arc/projects/chime_frb/vlbi/OVP_astrometry_gbo/hco_comissioning_bl_gbo/440021683/calibrated/J0812+6904_calibrated_to_J0825+3919_vis.h5,0.24604266402898076,-10.073986635946076,1.1912615306422532,19.69884204919767,0.9452188666132724,29.772828685143743,True,-5.259999999986303,1.6600000000158155
31.127670288085938,13.233001708984375,1742617628.025481,440021683,J0825+3919,126.34868413333332,39.32937741388889,126.19681816249998,J0824+5552,55.87851923888889,883729.31850621,-4924463.81125919,3943956.82880664,0.0001600000000153562,-0.0007699999999849286,-0.007819999999987087,-0.007889999999987109,2.8000000000006082,2.6000000000006054,26.77322769165039,21.84481430053711,34.43693161010742,18.905914306640625,50.453285217285156,36.70381546020508,36.00314712524414,24.945131301879883,106.20863342285156,65.55712127685547,607,591,35.81814193725586,25.626461029052734,103.94498443603516,56.15931701660156,/arc/projects/chime_frb/vlbi/OVP_astrometry_gbo/hco_comissioning_bl_gbo/440021683/calibrated/J0824+5552_calibrated_to_J0825+3919_vis.h5,0.24604266402898076,-10.073986635946076,0.23930282151649135,6.4754593220210985,-0.006739842512489408,16.549445957967173,True,0.1600000000153562,-0.7699999999849285
4.941108703613281,3.7053871154785156,1742617628.025481,440021683,J0825+3919,126.34868413333332,39.32937741388889,19.318326924999997,J0117+8928,89.47999327222223,883729.31850621,-4924463.81125919,3943956.82880664,0.0009900000000156103,-0.002269999999985388,0.02516000000002301,0.01925000000002121,-4.399999999999494,-4.899999999999501,16.05881690979004,13.989058494567871,15.851766586303711,10.153709411621094,24.42215347290039,15.663482666015625,36.00314712524414,24.945131301879883,106.20863342285156,65.55712127685547,510,456,32.5457878112793,23.681360244750977,93.5869140625,50.7989387512207,/arc/projects/chime_frb/vlbi/OVP_astrometry_gbo/hco_comissioning_bl_gbo/440021683/calibrated/J0117+8928_calibrated_to_J0825+3919_vis.h5,0.24604266402898076,-10.073986635946076,0.4301828132424032,40.74984765062837,0.18414014921342245,50.823834286574446,True,0.9900000000156104,-2.2699999999853877
5.483684539794922,7.991477966308594,1742324840.2622833,439593401,J2253+1608,343.4906164708333,16.148211377777777,356.0157097708333,J2344+8226,82.44455571944445,883729.31850621,-4924463.81125919,3943956.82880664,0.005710000000017056,-0.0005899999999848735,0.03327000000002549,0.04458000000002896,-4.199999999999491,-5.599999999999511,8.84180736541748,11.18846321105957,11.02007007598877,11.467643737792969,15.667587280273438,20.261117935180664,43.67098617553711,29.474411010742188,239.87850952148438,104.68095397949219,492,640,30.355356216430664,30.306663513183594,184.72003173828125,104.1880111694336,/arc/projects/chime_frb/vlbi/OVP_astrometry_gbo/hco_comissioning_bl_gbo/439593401/calibrated/J2344+8226_calibrated_to_J2253+1608_vis.h5,-0.03242645926671635,-33.037095347045174,-1.5564048997974533,33.42499210752974,-1.523978440530737,66.46208745457491,True,5.710000000017056,-0.5899999999848735
4.215999603271484,3.7115821838378906,1742324840.2622833,439593401,J2253+1608,343.4906164708333,16.148211377777777,344.4907013,B2255+58,59.15410341,883729.31850621,-4924463.81125919,3943956.82880664,0.001080000000015638,0.016010000000020216,0.028760000000024113,0.02407000000002267,-7.699999999999541,-5.299999999999507,10.943610191345215,8.214778900146484,10.63644790649414,9.241792678833008,20.52409553527832,8.635339736938477,43.67098617553711,29.474411010742188,239.87850952148438,104.68095397949219,640,613,41.46583938598633,26.318395614624023,233.16012573242188,87.9818115234375,/arc/projects/chime_frb/vlbi/OVP_astrometry_gbo/hco_comissioning_bl_gbo/439593401/calibrated/B2255+58_calibrated_to_J2253+1608_vis.h5,-0.03242645926671635,-33.037095347045174,-0.4690442272802233,9.973076138853619,-0.436617768013507,43.010171485898795,True,1.0800000000156378,16.010000000020217
31.75031280517578,16.02532958984375,1742324840.2622833,439593401,J2253+1608,343.4906164708333,16.148211377777777,343.5389246541666,J2254+2445,24.756506313888888,883729.31850621,-4924463.81125919,3943956.82880664,-0.0010699999999850204,-0.0010499999999850143,0.013510000000019437,0.010470000000018513,-3.5999999999994827,-3.5999999999994827,23.042308807373047,13.163679122924805,33.122623443603516,17.364744186401367,58.69603729248047,32.30249786376953,43.67098617553711,29.474411010742188,239.87850952148438,104.68095397949219,646,652,43.1152458190918,28.904621124267578,220.68577575683594,101.28919982910156,/arc/projects/chime_frb/vlbi/OVP_astrometry_gbo/hco_comissioning_bl_gbo/439593401/calibrated/J2254+2445_calibrated_to_J2253+1608_vis.h5,-0.03242645926671635,-33.037095347045174,-0.061135143433803336,-24.42871779015554,-0.02870868416708699,8.608377556889632,True,-1.0699999999850205,-1.0499999999850143
12.028434753417969,5.729366302490234,1742324840.2622833,439593401,J2253+1608,343.4906164708333,16.148211377777777,343.9029493333333,J2255+4202,42.04792570833333,883729.31850621,-4924463.81125919,3943956.82880664,-0.001629999999985192,0.00015000000001535313,0.01876000000002105,0.015940000000020188,-7.0999999999995325,-6.699999999999527,13.493627548217773,12.476845741271973,17.956249237060547,9.705657958984375,28.395200729370117,15.714766502380371,43.67098617553711,29.474411010742188,239.87850952148438,104.68095397949219,553,574,33.684051513671875,25.83023452758789,208.54702758789062,91.65582275390625,/arc/projects/chime_frb/vlbi/OVP_astrometry_gbo/hco_comissioning_bl_gbo/439593401/calibrated/J2255+4202_calibrated_to_J2253+1608_vis.h5,-0.03242645926671635,-33.037095347045174,-0.29218516539340367,-7.136045507985852,-0.25975870612668733,25.901049839059322,True,-1.629999999985192,0.15000000001535313
15.219436645507812,8.036964416503906,1742324840.2622833,439593401,J2253+1608,343.4906164708333,16.148211377777777,344.3419705166666,J2257+4154,41.90459099722222,883729.31850621,-4924463.81125919,3943956.82880664,-0.0020699999999853266,-0.001149999999985045,0.01727000000002059,0.024740000000022883,-7.499999999999538,-7.299999999999535,16.75041961669922,15.774128913879395,19.47353172302246,14.10301399230957,38.3702278137207,24.074209213256836,43.67098617553711,29.474411010742188,239.87850952148438,104.68095397949219,619,627,43.730220794677734,29.403696060180664,225.36721801757812,102.8840103149414,/arc/projects/chime_frb/vlbi/OVP_astrometry_gbo/hco_comissioning_bl_gbo/439593401/calibrated/J2257+4154_calibrated_to_J2253+1608_vis.h5,-0.03242645926671635,-33.037095347045174,-0.619864117527,-7.276049342625615,-0.5874376582602836,25.76104600441956,True,-2.0699999999853267,-1.149999999985045
5.909858703613281,6.3988189697265625,1745002006.3176513,1113404633,J0039+7443,9.953169233333332,74.72339339166666,5.364063158333332,J0021+7312,73.21164751111111,883729.31850621,-4924463.81125919,3943956.82880664,-0.005449999999986362,0.010090000000018397,-0.013289999999988762,-0.0012799999999850847,-27.499999999999822,2.300000000000601,11.038434028625488,11.429862976074219,7.553443908691406,10.894669532775879,8.63668155670166,9.876136779785156,17.982913970947266,16.81426239013672,12.653144836425781,7.3539276123046875,607,580,17.63874053955078,15.639546394348145,12.53515625,6.055744171142578,/arc/projects/chime_frb/vlbi/OVP_astrometry_gbo/hco_comissioning_bl_gbo/1113404633/calibrated/J0021+7312_calibrated_to_J0039+7443_vis.h5,-0.2724344474117614,25.544984289230165,1.023855394834402,24.05550016055721,1.2962898422461635,-1.4894841286729559,True,-5.449999999986361,10.090000000018398
7.039970397949219,9.462444305419922,1745002006.3176513,1113404633,J0039+7443,9.953169233333332,74.72339339166666,356.0157097708333,J2344+8226,82.44455571944445,883729.31850621,-4924463.81125919,3943956.82880664,0.035210000000026095,0.015930000000020192,-0.013689999999988885,-0.013269999999988756,-35.99999999999994,4.3000000000006295,11.187302589416504,18.243824005126953,8.98115062713623,13.373744010925293,8.193780899047852,13.501031875610352,17.982913970947266,16.81426239013672,12.653144836425781,7.3539276123046875,510,587,14.383428573608398,17.5591983795166,11.19711685180664,5.9384307861328125,/arc/projects/chime_frb/vlbi/OVP_astrometry_gbo/hco_comissioning_bl_gbo/1113404633/calibrated/J2344+8226_calibrated_to_J0039+7443_vis.h5,-0.2724344474117614,25.544984289230165,1.6953290816774838,33.43306013473205,1.9677635290892452,7.888075845501888,True,35.21000000002609,15.930000000020192
11.167686462402344,4.895820617675781,1745002006.3176513,1113404633,J0039+7443,9.953169233333332,74.72339339166666,4.285312183333333,J0017+8135,81.58559344722222,883729.31850621,-4924463.81125919,3943956.82880664,-0.024509999999992198,-0.006469999999986674,-0.009119999999987485,-0.010679999999987963,-2.2999999999994643,14.500000000000774,12.993097305297852,10.364378929138184,11.150717735290527,11.303272247314453,12.528194427490234,9.602221488952637,17.982913970947266,16.81426239013672,12.653144836425781,7.3539276123046875,614,614,17.845252990722656,16.473255157470703,13.068771362304688,6.3174591064453125,/arc/projects/chime_frb/vlbi/OVP_astrometry_gbo/hco_comissioning_bl_gbo/1113404633/calibrated/J0017+8135_calibrated_to_J0039+7443_vis.h5,-0.2724344474117614,25.544984289230165,0.688403796638757,32.42807839011302,0.9608382440505183,6.8830941008828574,True,-24.509999999992196,-6.4699999999866735
5.544445037841797,4.643749237060547,1742521065.040617,439852787,J0533+4822,83.31610746666665,48.38133548611111,84.08429980833333,J0536+5038,50.640625477777775,883729.31850621,-4924463.81125919,3943956.82880664,-0.048769999999999626,-0.024379999999992158,0.0017100000000158308,0.04998000000003061,33.20000000000104,-9.899999999999572,12.496814727783203,8.75383472442627,9.495975494384766,9.517446517944336,10.239163398742676,8.405403137207031,9.38757038116455,10.385763168334961,6.886650085449219,6.0749969482421875,606,401,9.57164478302002,8.866143226623535,5.6822662353515625,6.267707824707031,/arc/projects/chime_frb/vlbi/OVP_astrometry_gbo/hco_comissioning_bl_gbo/439852787/calibrated/J0536+5038_calibrated_to_J0533+4822_vis.h5,-0.09795580286518701,-0.9226949433593985,-0.5862306246704693,1.3388294484860654,-0.48827482180528226,2.261524391845464,True,-48.76999999999963,-24.379999999992158
6.469017028808594,5.832790374755859,1742521065.040617,439852787,J0533+4822,83.31610746666665,48.38133548611111,85.6505746,J0542+4951,49.85200936666667,883729.31850621,-4924463.81125919,3943956.82880664,0.007820000000017702,0.0300200000000245,0.002840000000016177,-0.04388999999999813,14.700000000000777,-18.599999999999696,14.859392166137695,11.846465110778809,10.46535873413086,8.711714744567871,9.218127250671387,8.376373291015625,9.38757038116455,10.385763168334961,6.886650085449219,6.0749969482421875,578,322,8.810104370117188,10.041231155395508,6.39215087890625,4.555019378662109,/arc/projects/chime_frb/vlbi/OVP_astrometry_gbo/hco_comissioning_bl_gbo/439852787/calibrated/J0542+4951_calibrated_to_J0533+4822_vis.h5,-0.09795580286518701,-0.9226949433593985,-1.6036429999194328,0.5704775938555812,-1.5056871970542458,1.4931725372149796,True,7.820000000017702,30.0200000000245
40.31919860839844,33.03570556640625,1742521065.040617,439852787,J0533+4822,83.31610746666665,48.38133548611111,83.63302791630701,B0531+21,22.01450417384314,883729.31850621,-4924463.81125919,3943956.82880664,-0.0015099999999851552,0.016910000000020478,0.011720000000018896,0.011850000000018936,-1.99999999999946,13.400000000000759,28.39190673828125,24.16153907775879,14.177226066589355,8.881172180175781,19.065895080566406,9.56419849395752,9.38757038116455,10.385763168334961,6.886650085449219,6.0749969482421875,579,462,9.552465438842773,9.033834457397461,5.8102874755859375,5.600040435791016,/arc/projects/chime_frb/vlbi/OVP_astrometry_gbo/hco_comissioning_bl_gbo/439852787/calibrated/B0531+21_calibrated_to_J0533+4822_vis.h5,-0.09795580286518701,-0.9226949433593985,-0.36823532312623886,-27.288993730290592,-0.27027952026105184,-26.366298786931193,True,-1.5099999999851552,16.910000000020478
5.572174072265625,4.544708251953125,1742521065.040617,439852787,J0533+4822,83.31610746666665,48.38133548611111,82.29226452916666,J0529+2500,25.014326319444443,883729.31850621,-4924463.81125919,3943956.82880664,0.035010000000026034,-0.026299999999992746,0.028240000000023954,-0.048179999999999445,-8.899999999999558,12.500000000000746,10.073955535888672,9.161355972290039,9.177353858947754,8.537124633789062,10.451947212219238,10.470723152160645,9.38757038116455,10.385763168334961,6.886650085449219,6.0749969482421875,520,463,8.942441940307617,10.57692813873291,4.884349822998047,5.895702362060547,/arc/projects/chime_frb/vlbi/OVP_astrometry_gbo/hco_comissioning_bl_gbo/439852787/calibrated/J0529+2500_calibrated_to_J0533+4822_vis.h5,-0.09795580286518701,-0.9226949433593985,0.8497966515117228,-24.28230024886024,0.9477524543769098,-23.35960530550084,True,35.01000000002603,-26.299999999992746
5.560096740722656,6.1312103271484375,1739653753.8850265,437537279,J2253+1608,343.4906164708333,16.148211377777777,356.0157097708333,J2344+8226,82.44455571944445,883729.31850621,-4924463.81125919,3943956.82880664,0.005960000000017132,0.007240000000017524,-0.034789999999995345,-0.03704999999999604,6.9000000000006665,7.000000000000668,8.85939884185791,9.48975944519043,9.510278701782227,14.303186416625977,13.680383682250977,20.352893829345703,47.835113525390625,42.105655670166016,351.2049560546875,176.51889038085938,459,613,34.815345764160156,34.308082580566406,274.8770751953125,159.69996643066406,/arc/projects/chime_frb/vlbi/OVP_astrometry_gbo/hco_comissioning_bl_gbo/437537279/calibrated/J2344+8226_calibrated_to_J2253+1608_vis.h5,-0.029487688460541523,-33.03755211515368,-1.5561449384615584,33.42445785457342,-1.526657250001017,66.46200996972709,True,5.960000000017132,7.240000000017524
4.027103424072266,4.649967193603516,1739653753.8850265,437537279,J2253+1608,343.4906164708333,16.148211377777777,344.4907013,B2255+58,59.15410341,883729.31850621,-4924463.81125919,3943956.82880664,0.002060000000015938,0.00020000000001536844,-0.014269999999989062,-0.010249999999987831,2.9000000000006096,2.500000000000604,13.943793296813965,9.536643028259277,16.73993682861328,10.907522201538086,21.736068725585938,18.19418716430664,47.835113525390625,42.105655670166016,351.2049560546875,176.51889038085938,602,647,47.24853515625,41.47834014892578,329.32037353515625,189.02481079101562,/arc/projects/chime_frb/vlbi/OVP_astrometry_gbo/hco_comissioning_bl_gbo/437537279/calibrated/B2255+58_calibrated_to_J2253+1608_vis.h5,-0.029487688460541523,-33.03755211515368,-0.4675745815927698,9.972600732935714,-0.4380868931322283,43.01015284808939,True,2.060000000015938,0.20000000001536844
49.76034164428711,20.005329132080078,1739653753.8850265,437537279,J2253+1608,343.4906164708333,16.148211377777777,343.5389246541666,J2254+2445,24.756506313888888,883729.31850621,-4924463.81125919,3943956.82880664,0.0015100000000157696,0.0015200000000157726,-0.002599999999985489,-0.002599999999985489,1.100000000000584,1.100000000000584,34.30340576171875,20.046283721923828,64.80545806884766,32.044429779052734,69.9293441772461,39.29092025756836,47.835113525390625,42.105655670166016,351.2049560546875,176.51889038085938,608,678,45.52830505371094,39.971797943115234,306.2504577636719,161.1963348388672,/arc/projects/chime_frb/vlbi/OVP_astrometry_gbo/hco_comissioning_bl_gbo/437537279/calibrated/J2254+2445_calibrated_to_J2253+1608_vis.h5,-0.029487688460541523,-33.03755211515368,-0.05837853059557121,-24.429175778969903,-0.028890842135029685,8.608376336183778,True,1.5100000000157696,1.5200000000157727
12.293220520019531,5.291191101074219,1739653753.8850265,437537279,J2253+1608,343.4906164708333,16.148211377777777,343.9029493333333,J2255+4202,42.04792570833333,883729.31850621,-4924463.81125919,3943956.82880664,0.0009700000000156042,-0.0016799999999852072,-0.004609999999986104,-0.006109999999986564,1.6000000000005912,1.0000000000005826,17.92021942138672,12.965373992919922,21.855356216430664,14.889583587646484,30.56439208984375,18.144874572753906,47.835113525390625,42.105655670166016,351.2049560546875,176.51889038085938,594,672,44.19165802001953,40.87246322631836,296.1563720703125,163.6537322998047,/arc/projects/chime_frb/vlbi/OVP_astrometry_gbo/hco_comissioning_bl_gbo/437537279/calibrated/J2255+4202_calibrated_to_J2253+1608_vis.h5,-0.029487688460541523,-33.03755211515368,-0.289976575676975,-7.136513176764064,-0.2604888872164335,25.90103893838962,True,0.9700000000156042,-1.679999999985207
14.298381805419922,8.439979553222656,1739653753.8850265,437537279,J2253+1608,343.4906164708333,16.148211377777777,344.3419705166666,J2257+4154,41.90459099722222,883729.31850621,-4924463.81125919,3943956.82880664,0.0006000000000154909,-0.00027999999998477854,-0.00475999999998615,-0.004739999999986144,1.2000000000005855,1.0000000000005826,20.448978424072266,15.539953231811523,35.388694763183594,25.007802963256836,40.3583984375,27.335756301879883,47.835113525390625,42.105655670166016,351.2049560546875,176.51889038085938,590,687,42.9378547668457,40.44482421875,313.8743591308594,169.97518920898438,/arc/projects/chime_frb/vlbi/OVP_astrometry_gbo/hco_comissioning_bl_gbo/437537279/calibrated/J2257+4154_calibrated_to_J2253+1608_vis.h5,-0.029487688460541523,-33.03755211515368,-0.6176501942157084,-7.2765310440396425,-0.5881625057551669,25.761021071114037,True,0.6000000000154909,-0.27999999998477854
10.194427490234375,9.072563171386719,1708250420.6988313,359774004,J1153+4036,178.4777455333333,40.614616483333336,356.0157097708333,J2344+8226,82.44455571944445,883729.31850621,-4924463.81125919,3943956.82880664,-0.0009699999999849898,-0.0027299999999855287,-0.0004799999999848398,-0.0005399999999848581,-0.29999999999943583,-0.6999999999994415,18.30807113647461,10.685057640075684,24.8167724609375,15.343482971191406,24.6377010345459,15.851860046386719,30.0649356842041,20.490631103515625,44.055850982666016,18.720115661621094,606,631,28.120285034179688,18.820432662963867,41.63337707519531,16.33440399169922,/arc/projects/chime_frb/vlbi/OVP_astrometry_gbo/hco_comissioning_bl_gbo/359774004/calibrated/J2344+8226_calibrated_to_J1153+4036_vis.h5,-0.35307848416728604,-8.838228626970595,-0.21625542951771903,48.09629254127204,0.136823054649567,56.93452116824264,True,-0.9699999999849898,-2.729999999985529
5.883396148681641,5.370830535888672,1708250420.6988313,359774004,J1153+4036,178.4777455333333,40.614616483333336,179.3354290875,J1157+5457,54.96093830833333,883729.31850621,-4924463.81125919,3943956.82880664,0.0012900000000157022,-3.999999998470505e-05,0.0021800000000159747,0.0022800000000160053,-0.1999999999994344,-0.6999999999994415,10.690511703491211,10.752676010131836,19.68059730529785,10.75571346282959,19.87674903869629,11.039715766906738,30.0649356842041,20.490631103515625,44.055850982666016,18.720115661621094,490,365,21.568607330322266,16.766353607177734,37.73631286621094,11.719501495361328,/arc/projects/chime_frb/vlbi/OVP_astrometry_gbo/hco_comissioning_bl_gbo/359774004/calibrated/J1157+5457_calibrated_to_J1153+4036_vis.h5,-0.35307848416728604,-8.838228626970595,-0.7457435694858547,5.514063295243065,-0.3926650853185687,14.35229192221366,True,1.2900000000157021,-0.03999999998470505
15.148300170898438,6.062618255615234,1708250420.6988313,359774004,J1153+4036,178.4777455333333,40.614616483333336,178.30208010833329,J1153+8058,80.97476514166667,883729.31850621,-4924463.81125919,3943956.82880664,0.0005100000000154634,-0.0012699999999850817,0.0008800000000155767,0.0009000000000155828,0.10000000000056986,-0.29999999999943583,21.064937591552734,13.10123348236084,35.474815368652344,14.022377014160156,35.25275421142578,14.302408218383789,30.0649356842041,20.490631103515625,44.055850982666016,18.720115661621094,576,635,28.55797004699707,19.329383850097656,34.40003967285156,19.919002532958984,/arc/projects/chime_frb/vlbi/OVP_astrometry_gbo/hco_comissioning_bl_gbo/359774004/calibrated/J1153+8058_calibrated_to_J1153+4036_vis.h5,-0.35307848416728604,-8.838228626970595,-0.009663473749718356,31.520610769723067,0.34341501041756767,40.35883939669366,True,0.5100000000154634,-1.2699999999850817
21.553443908691406,10.109306335449219,1708250420.6988313,359774004,J1153+4036,178.4777455333333,40.614616483333336,176.28145293333333,J1145+6958,69.971079725,883729.31850621,-4924463.81125919,3943956.82880664,0.0004800000000154542,-0.0004699999999848367,0.00010000000001533782,6.000000001532557e-05,-0.09999999999943299,-0.29999999999943583,31.074560165405273,16.243152618408203,33.43864822387695,17.183652877807617,33.46153259277344,17.49403953552246,30.0649356842041,20.490631103515625,44.055850982666016,18.720115661621094,664,449,29.404787063598633,19.883432388305664,40.723052978515625,16.87795639038086,/arc/projects/chime_frb/vlbi/OVP_astrometry_gbo/hco_comissioning_bl_gbo/359774004/calibrated/J1145+6958_calibrated_to_J1153+4036_vis.h5,-0.35307848416728604,-8.838228626970595,0.6199022648337857,20.5234431986451,0.9729807490010718,29.361671825615694,True,0.4800000000154542,-0.4699999999848367
68.23292541503906,22.414691925048828,1740119350.1337614,438003451,J0834+5534,128.72876670833332,55.57251952777778,130.3515219958333,J0841+7053,70.8950480388889,883729.31850621,-4924463.81125919,3943956.82880664,-0.0010899999999850266,-0.00021999999998476016,-0.0010899999999850266,-0.0011099999999850327,5.684341886080801e-13,0.20000000000057128,34.96160888671875,18.59994125366211,65.802978515625,28.399776458740234,65.802978515625,28.86079978942871,48.6781005859375,28.490957260131836,105.24585723876953,39.35646438598633,673,689,47.18495559692383,27.66945457458496,104.19822692871094,34.69636154174805,/arc/projects/chime_frb/vlbi/OVP_astrometry_gbo/hco_comissioning_bl_gbo/438003451/calibrated/J0841+7053_calibrated_to_J0834+5534_vis.h5,-0.05067050044521714,6.164604627877279,-0.5896885654851766,21.49284682764033,-0.5390180650399594,15.328242199763054,True,-1.0899999999850265,-0.21999999998476016
20.63129425048828,9.994136810302734,1740119350.1337614,438003451,J0834+5534,128.72876670833332,55.57251952777778,129.273528338878,B0834+06,6.171162970879765,883729.31850621,-4924463.81125919,3943956.82880664,0.0012200000000156808,0.0021100000000159533,-0.001489999999985149,-0.0014499999999851368,0.600000000000577,0.8000000000005798,22.050992965698242,10.50815486907959,37.21638107299805,14.516376495361328,39.03496551513672,15.0442533493042,48.6781005859375,28.490957260131836,105.24585723876953,39.35646438598633,634,519,46.41574478149414,22.048782348632812,102.1961669921875,31.898754119873047,/arc/projects/chime_frb/vlbi/OVP_astrometry_gbo/hco_comissioning_bl_gbo/438003451/calibrated/B0834+06_calibrated_to_J0834+5534_vis.h5,-0.05067050044521714,6.164604627877279,-0.5465677247203555,-43.234598650034485,-0.4958972242751384,-49.39920327791177,True,1.2200000000156808,2.1100000000159533
26.61504364013672,20.734294891357422,1706705224.990497,356290615,J1331+3030,202.78453355,30.50915527777778,201.56879869999997,J1326+3154,31.902644536111108,883729.31850621,-4924463.81125919,3943956.82880664,-0.0035299999999857737,-0.002459999999985446,-0.0008099999999849408,-0.000679999999984901,-0.5999999999994401,-0.39999999999943725,23.322980880737305,19.81231689453125,34.36002731323242,21.77164649963379,35.74775314331055,22.33182716369629,24.912553787231445,19.637454986572266,33.727203369140625,28.744529724121094,582,500,24.188045501708984,18.42911148071289,30.491214752197266,24.648712158203125,/arc/projects/chime_frb/vlbi/OVP_astrometry_gbo/hco_comissioning_bl_gbo/356290615/calibrated/J1326+3154_calibrated_to_J1331+3030_vis.h5,-0.5972352512918538,-18.930892806950624,0.44632299888543575,-17.54073302033943,1.0435582501772895,1.3901597866111928,True,-3.529999999985774,-2.4599999999854463
6.451499938964844,4.971839904785156,1745242136.450094,1113728065,J1927+7358,291.9520630999999,73.96710280277777,289.78683050416663,J1919+7433,74.55656541388889,883729.31850621,-4924463.81125919,3943956.82880664,0.0040900000000165596,0.0023000000000160115,-0.003589999999985792,-0.0017699999999852348,1.5000000000005898,1.100000000000584,9.098148345947266,10.987335205078125,16.751758575439453,14.281641006469727,18.2369441986084,15.744009971618652,23.07554817199707,20.273048400878906,62.300392150878906,40.87236785888672,515,383,23.281784057617188,19.82704734802246,57.927677154541016,34.378326416015625,/arc/projects/chime_frb/vlbi/OVP_astrometry_gbo/hco_comissioning_bl_gbo/1113728065/calibrated/J1919+7433_calibrated_to_J1927+7358_vis.h5,0.21389446544171345,24.700240220721916,0.78923563207051,25.298897180711375,0.5753411666287965,0.5986569599894587,True,4.09000000001656,2.3000000000160115
19.997482299804688,13.221839904785156,1745242136.450094,1113728065,J1927+7358,291.9520630999999,73.96710280277777,291.87684402916665,J1927+6117,61.29246645833333,883729.31850621,-4924463.81125919,3943956.82880664,-0.0003399999999847969,-0.0011999999999850602,0.001430000000015745,0.0014800000000157604,-0.39999999999943725,-0.5999999999994401,17.59647560119629,11.30703353881836,36.89305114746094,27.487613677978516,37.1771125793457,28.61142349243164,23.07554817199707,20.273048400878906,62.300392150878906,40.87236785888672,618,504,22.719560623168945,19.52845001220703,59.401206970214844,35.93614196777344,/arc/projects/chime_frb/vlbi/OVP_astrometry_gbo/hco_comissioning_bl_gbo/1113728065/calibrated/J1927+6117_calibrated_to_J1927+7358_vis.h5,0.21389446544171345,24.700240220721916,0.26780257277437614,12.025626070223705,0.053908107332662686,-12.674614150498211,True,-0.3399999999847969,-1.1999999999850601
6.22320556640625,6.3092498779296875,1745242136.450094,1113728065,J1927+7358,291.9520630999999,73.96710280277777,19.318326924999997,J0117+8928,89.47999327222223,883729.31850621,-4924463.81125919,3943956.82880664,0.0048800000000168015,0.00030000000001539906,-0.007449999999986974,-0.009089999999987476,2.9000000000006096,1.9000000000005954,7.002503395080566,9.475424766540527,8.237428665161133,10.676360130310059,10.962449073791504,14.271535873413086,23.07554817199707,20.273048400878906,62.300392150878906,40.87236785888672,468,566,22.387479782104492,21.15375518798828,56.89360427856445,36.581302642822266,/arc/projects/chime_frb/vlbi/OVP_astrometry_gbo/hco_comissioning_bl_gbo/1113728065/calibrated/J0117+8928_calibrated_to_J1927+7358_vis.h5,0.21389446544171345,24.700240220721916,-0.3427543012498876,40.707146192146105,-0.556648766691601,16.00690597142419,True,4.880000000016802,0.30000000001539906
4.018894195556641,16.274028778076172,1742323058.0749822,439592176,J2225+2118,336.4085296833333,21.30178199166667,338.1517037583333,J2232+1143,11.730806688888888,883729.31850621,-4924463.81125919,3943956.82880664,-0.0038399999999858686,0.001080000000015638,-0.016829999999989846,-0.013079999999988698,2.4000000000006025,2.9000000000006096,9.939116477966309,14.826513290405273,10.002758026123047,7.948523044586182,11.42953109741211,10.068517684936523,18.817466735839844,11.168267250061035,26.13701629638672,10.17291259765625,569,518,18.247661590576172,10.045059204101562,23.212108612060547,8.929698944091797,/arc/projects/chime_frb/vlbi/OVP_astrometry_gbo/hco_comissioning_bl_gbo/439592176/calibrated/J2232+1143_calibrated_to_J2225+2118_vis.h5,-0.3563412403245181,-27.888133259894413,-2.0998749864062427,-37.41952523321964,-1.7435337460817246,-9.531391973325224,True,-3.8399999999858685,1.0800000000156378
4.484989166259766,4.371498107910156,1703780282.5114303,348136788,J1438+6211,219.68659596666663,62.19845489722222,220.99416996249997,J1443+6332,63.54065694444444,883729.31850621,-4924463.81125919,3943956.82880664,0.001750000000015843,0.027310000000023663,0.0008600000000155705,0.000940000000015595,0.20000000000057128,8.100000000000684,10.186918258666992,10.28271484375,12.819567680358887,10.688132286071777,13.31196403503418,12.23560905456543,19.39072036743164,19.548810958862305,22.240623474121094,19.103561401367188,421,376,16.990676879882812,16.54351234436035,20.856582641601562,16.46379852294922,/arc/projects/chime_frb/vlbi/OVP_astrometry_gbo/hco_comissioning_bl_gbo/348136788/calibrated/J1443+6332_calibrated_to_J1438+6211_vis.h5,0.9217165862568459,12.786523622754373,0.3047621800274722,14.12082980286464,-0.6169544062293737,1.334306180110266,True,1.750000000015843,27.310000000023663
7.75885009765625,5.423305511474609,1703780282.5114303,348136788,J1438+6211,219.68659596666663,62.19845489722222,222.78040051249997,J1451+4154,41.91163895277778,883729.31850621,-4924463.81125919,3943956.82880664,-0.001969999999985296,0.0002600000000153868,0.011320000000018773,0.013370000000019408,-2.69999999999947,-1.99999999999946,11.811349868774414,10.404382705688477,12.335187911987305,8.630001068115234,15.468485832214355,12.173809051513672,19.39072036743164,19.548810958862305,22.240623474121094,19.103561401367188,566,517,19.11253547668457,18.087614059448242,20.975845336914062,15.714340209960938,/arc/projects/chime_frb/vlbi/OVP_astrometry_gbo/hco_comissioning_bl_gbo/348136788/calibrated/J1451+4154_calibrated_to_J1438+6211_vis.h5,0.9217165862568459,12.786523622754373,-0.9317851836588381,-7.497431335405914,-1.8535017699156842,-20.283954958160287,True,-1.969999999985296,0.2600000000153868
13.749149322509766,5.402736663818359,1703780282.5114303,348136788,J1438+6211,219.68659596666663,62.19845489722222,221.31860524166663,J1445+0958,9.976686913888889,883729.31850621,-4924463.81125919,3943956.82880664,0.0008400000000155644,0.002400000000016042,-6.999999998471423e-05,8.00000000153317e-05,0.20000000000057128,0.7000000000005784,20.911216735839844,11.059428215026855,23.19202423095703,10.744294166564941,23.426105499267578,11.119832992553711,19.39072036743164,19.548810958862305,22.240623474121094,19.103561401367188,538,573,19.119041442871094,17.918916702270508,20.934127807617188,18.507118225097656,/arc/projects/chime_frb/vlbi/OVP_astrometry_gbo/hco_comissioning_bl_gbo/348136788/calibrated/J1445+0958_calibrated_to_J1438+6211_vis.h5,0.9217165862568459,12.786523622754373,0.11056518957027013,-39.44340347126066,-0.8111513966865758,-52.22992709401503,True,0.8400000000155644,2.400000000016042
30.887733459472656,21.49346160888672,1703780282.5114303,348136788,J1438+6211,219.68659596666663,62.19845489722222,224.7815996708333,J1459+7140,71.67218518611112,883729.31850621,-4924463.81125919,3943956.82880664,-0.0019499999999852899,0.0017800000000158522,-0.0010499999999850143,-0.0009199999999849745,-0.1999999999994344,0.600000000000577,17.660215377807617,20.986587524414062,26.292909622192383,22.453609466552734,26.502412796020508,23.30259895324707,19.39072036743164,19.548810958862305,22.240623474121094,19.103561401367188,558,636,19.12148666381836,19.004806518554688,21.153114318847656,17.252761840820312,/arc/projects/chime_frb/vlbi/OVP_astrometry_gbo/hco_comissioning_bl_gbo/348136788/calibrated/J1459+7140_calibrated_to_J1438+6211_vis.h5,0.9217165862568459,12.786523622754373,-0.9324962569202964,22.27951062571137,-1.8542128431771423,9.492987002956998,True,-1.94999999998529,1.7800000000158522
13.068458557128906,6.666221618652344,1703780282.5114303,348136788,J1438+6211,219.68659596666663,62.19845489722222,220.74717484166663,J1442+4044,40.741372947222224,883729.31850621,-4924463.81125919,3943956.82880664,-0.009759999999987681,-0.004689999999986129,0.009410000000018189,0.00044000000001544193,-3.0999999999994756,-2.199999999999463,13.776688575744629,11.521034240722656,12.253220558166504,10.028164863586426,14.939364433288574,9.764431953430176,19.39072036743164,19.548810958862305,22.240623474121094,19.103561401367188,531,524,19.67915916442871,16.058460235595703,21.691940307617188,17.282859802246094,/arc/projects/chime_frb/vlbi/OVP_astrometry_gbo/hco_comissioning_bl_gbo/348136788/calibrated/J1442+4044_calibrated_to_J1438+6211_vis.h5,0.9217165862568459,12.786523622754373,0.5880638233150335,-8.677217895702537,-0.33365276294181245,-21.46374151845691,True,-9.75999999998768,-4.689999999986129
10.402153015136719,9.72479248046875,1703780282.5114303,348136788,J1438+6211,219.68659596666663,62.19845489722222,218.94624428749998,J1435+7605,76.09050756388888,883729.31850621,-4924463.81125919,3943956.82880664,-0.0015199999999851582,-4.999999998470811e-05,-0.009209999999987513,-0.007449999999986974,1.5000000000005898,2.000000000000597,11.535778999328613,13.027388572692871,18.348682403564453,8.881569862365723,20.683462142944336,12.276251792907715,19.39072036743164,19.548810958862305,22.240623474121094,19.103561401367188,566,623,19.474227905273438,19.234498977661133,21.816543579101562,16.252269744873047,/arc/projects/chime_frb/vlbi/OVP_astrometry_gbo/hco_comissioning_bl_gbo/348136788/calibrated/J1435+7605_calibrated_to_J1438+6211_vis.h5,0.9217165862568459,12.786523622754373,0.7223450735092609,26.680217727187735,-0.19937151274758502,13.893694104433362,True,-1.5199999999851581,-0.04999999998470811
7.153247833251953,5.714565277099609,1745307171.9234138,1113809934,J1331+3030,202.78453355,30.50915527777778,200.22159887499998,J1320+8450,84.83643317777778,883729.31850621,-4924463.81125919,3943956.82880664,-0.0010399999999850112,0.002030000000015929,-0.0010399999999850112,-0.0011099999999850327,5.684341886080801e-13,0.5000000000005755,13.037086486816406,9.103973388671875,15.871586799621582,10.911338806152344,15.871586799621582,12.023847579956055,43.32271194458008,30.445392608642578,65.37818908691406,54.097713470458984,516,583,44.74334716796875,31.77947235107422,64.23672485351562,47.91758346557617,/arc/projects/chime_frb/vlbi/OVP_astrometry_gbo/hco_comissioning_bl_gbo/1113809934/calibrated/J1320+8450_calibrated_to_J1331+3030_vis.h5,0.9572663458813108,-18.934065925638517,0.4281110896762183,35.396719166015096,-0.5291552562050925,54.33078509165361,True,-1.0399999999850111,2.030000000015929
4.393363952636719,6.1902618408203125,1745307171.9234138,1113809934,J1331+3030,202.78453355,30.50915527777778,203.3990943208333,J1333+1649,16.8177818,883729.31850621,-4924463.81125919,3943956.82880664,0.00321000000001629,-0.002119999999985342,0.008200000000017818,0.005330000000016939,-1.29999999999945,-2.499999999999467,11.467535018920898,10.299242973327637,16.29059600830078,8.722578048706055,17.90033531188965,8.770980834960938,43.32271194458008,30.445392608642578,65.37818908691406,54.097713470458984,520,603,41.383872985839844,29.840286254882812,62.61214065551758,45.59051513671875,/arc/projects/chime_frb/vlbi/OVP_astrometry_gbo/hco_comissioning_bl_gbo/1113809934/calibrated/J1333+1649_calibrated_to_J1331+3030_vis.h5,0.9572663458813108,-18.934065925638517,0.44685219569969875,-32.630115271964016,-0.510414150181612,-13.696049346325498,True,3.21000000001629,-2.119999999985342
7.5267791748046875,14.190162658691406,1745307171.9234138,1113809934,J1331+3030,202.78453355,30.50915527777778,201.56879869999997,J1326+3154,31.902644536111108,883729.31850621,-4924463.81125919,3943956.82880664,0.03258000000002528,0.0018700000000158798,-0.0016799999999852072,-0.00390999999998589,5.200000000000642,0.8000000000005798,13.82641315460205,15.60083293914795,11.201172828674316,16.622716903686523,14.437898635864258,17.220726013183594,43.32271194458008,30.445392608642578,65.37818908691406,54.097713470458984,539,587,41.64947509765625,29.418134689331055,62.823429107666016,46.688316345214844,/arc/projects/chime_frb/vlbi/OVP_astrometry_gbo/hco_comissioning_bl_gbo/1113809934/calibrated/J1326+3154_calibrated_to_J1331+3030_vis.h5,0.9572663458813108,-18.934065925638517,1.9782139880997458,-17.518180062767936,1.020947642218435,1.4158858628705815,True,32.58000000002529,1.8700000000158798
5.128627777099609,4.293842315673828,1745307171.9234138,1113809934,J1331+3030,202.78453355,30.50915527777778,206.03616503749998,J1344+6606,66.10323438333333,883729.31850621,-4924463.81125919,3943956.82880664,0.0007300000000155307,0.0007300000000155307,-0.004649999999986117,-0.004599999999986101,1.2000000000005855,1.2000000000005855,13.141691207885742,9.407075881958008,22.54001808166504,12.098775863647461,25.08502960205078,14.276021957397461,43.32271194458008,30.445392608642578,65.37818908691406,54.097713470458984,531,570,43.63840866088867,29.17232322692871,57.75379943847656,46.34378433227539,/arc/projects/chime_frb/vlbi/OVP_astrometry_gbo/hco_comissioning_bl_gbo/1113809934/calibrated/J1344+6606_calibrated_to_J1331+3030_vis.h5,0.9572663458813108,-18.934065925638517,-0.7969422820140128,16.669133960510262,-1.7542086278953235,35.60319988614878,True,0.7300000000155307,0.7300000000155307
10.132003784179688,4.931735992431641,1702190509.180027,343770778,J0359+6005,59.76099961666666,60.089463638888894,58.62504857083333,J0354+4643,46.72187493888889,883729.31850621,-4924463.81125919,3943956.82880664,-0.003569999999985786,0.008190000000017815,-0.0004899999999848428,-0.00043999999998482753,-0.49999999999943867,2.1000000000005983,17.460445404052734,10.55735969543457,14.004526138305664,10.559149742126465,14.78461742401123,11.573529243469238,30.657440185546875,16.000886917114258,26.310218811035156,9.6148681640625,544,562,27.946006774902344,15.047629356384277,22.634613037109375,8.619331359863281,/arc/projects/chime_frb/vlbi/OVP_astrometry_gbo/hco_comissioning_bl_gbo/343770778/calibrated/J0354+4643_calibrated_to_J0359+6005_vis.h5,-0.33111236570928854,10.838107903638988,0.355234459888438,-2.528358796358264,0.6863468255977265,-13.366466699997252,True,-3.569999999985786,8.190000000017815
19.07122039794922,13.613441467285156,1702190509.180027,343770778,J0359+6005,59.76099961666666,60.089463638888894,62.69004579999999,J0410+7656,76.94592038333333,883729.31850621,-4924463.81125919,3943956.82880664,-0.0017099999999852164,-0.0017299999999852225,-0.0035199999999857706,-0.0035199999999857706,0.4000000000005741,0.4000000000005741,30.474224090576172,20.490907669067383,26.55970573425293,15.815359115600586,26.724815368652344,15.957038879394531,30.657440185546875,16.000886917114258,26.310218811035156,9.6148681640625,696,530,30.069622039794922,14.928098678588867,24.771209716796875,7.535438537597656,/arc/projects/chime_frb/vlbi/OVP_astrometry_gbo/hco_comissioning_bl_gbo/343770778/calibrated/J0410+7656_calibrated_to_J0359+6005_vis.h5,-0.33111236570928854,10.838107903638988,-0.8509073179221008,27.713437863533162,-0.5197949522128122,16.875329959894174,True,-1.7099999999852165,-1.7299999999852225
48.640350341796875,37.00609588623047,1744910745.362985,1113309809,J2344+8226,356.0157097708333,82.44455571944445,348.28613383704334,B2310+42,42.88699491548403,883729.31850621,-4924463.81125919,3943956.82880664,0.0014400000000157481,-0.005899999999986499,0.009230000000018133,-0.005889999999986496,-1.4999999999994529,-3.0999999999994756,17.048425674438477,17.651531219482422,20.720937728881836,14.407816886901855,24.099084854125977,18.81220817565918,13.855887413024902,15.338140487670898,10.568473815917969,14.290824890136719,553,648,11.791447639465332,14.727378845214844,8.641754150390625,15.50897216796875,/arc/projects/chime_frb/vlbi/OVP_astrometry_gbo/hco_comissioning_bl_gbo/1113309809/calibrated/B2310+42_calibrated_to_J2344+8226_vis.h5,-1.0354489295559395,33.33780971549093,-0.4982419069974698,-6.2922482128150605,0.5372070225584697,-39.63005792830599,True,1.4400000000157482,-5.899999999986499
10.223464965820312,6.165412902832031,1744910745.362985,1113309809,J2344+8226,356.0157097708333,82.44455571944445,347.7722033416666,J2311+3425,34.41969582777777,883729.31850621,-4924463.81125919,3943956.82880664,-0.0012799999999850847,0.014560000000019765,0.0032800000000163115,0.007570000000017625,-0.9999999999994458,-25.29999999999979,14.142143249511719,10.11812973022461,11.967595100402832,8.897878646850586,12.725846290588379,8.655213356018066,13.855887413024902,15.338140487670898,10.568473815917969,14.290824890136719,630,630,14.127202033996582,15.147224426269531,10.319366455078125,14.376415252685547,/arc/projects/chime_frb/vlbi/OVP_astrometry_gbo/hco_comissioning_bl_gbo/1113309809/calibrated/J2311+3425_calibrated_to_J2344+8226_vis.h5,-1.0354489295559395,33.33780971549093,-0.15234327636470124,-14.7622782209813,0.8831056531912382,-48.10008793647223,True,-1.2799999999850846,14.560000000019766
11.264472961425781,8.528778076171875,1697901613.9001703,329580448,J0921+6215,140.4009628833333,62.26449451388889,140.24357704583332,J0920+4441,44.69832911111111,883729.31850621,-4924463.81125919,3943956.82880664,-0.0002599999999847724,-0.002599999999985489,0.00419000000001659,0.00419000000001659,-0.9999999999994458,-1.6999999999994557,16.153175354003906,13.075968742370605,23.11060333251953,11.244231224060059,26.169818878173828,14.301252365112305,21.59383201599121,15.951478958129883,22.667091369628906,9.145248413085938,670,505,21.994382858276367,16.26506996154785,19.048873901367188,8.791976928710938,/arc/projects/chime_frb/vlbi/OVP_astrometry_gbo/hco_comissioning_bl_gbo/329580448/calibrated/J0920+4441_calibrated_to_J0921+6215_vis.h5,-0.27082066263775023,12.843587094835756,-0.2765927354317995,-4.72281523830882,-0.005772072794049288,-17.566402333144577,True,-0.2599999999847724,-2.599999999985489
5.5284881591796875,5.427753448486328,1713877853.296969,377604414,J1927+7358,291.9520630999999,73.96710280277777,289.78683050416663,J1919+7433,74.55656541388889,883729.31850621,-4924463.81125919,3943956.82880664,-0.0007299999999849163,-0.005729999999986447,-0.0020299999999853144,-0.0021799999999853603,0.10000000000056986,-0.7999999999994429,11.819375991821289,9.578706741333008,21.254858016967773,8.720361709594727,21.27171516418457,9.942008972167969,23.380807876586914,17.348121643066406,38.61943817138672,17.48752212524414,670,571,23.703847885131836,17.251691818237305,36.968055725097656,17.085811614990234,/arc/projects/chime_frb/vlbi/OVP_astrometry_gbo/hco_comissioning_bl_gbo/377604414/calibrated/J1919+7433_calibrated_to_J1927+7358_vis.h5,-0.42542379865997826,24.703640299099764,0.17273343301712285,25.282557491330067,0.5981572316771011,0.5789171922303034,True,-0.7299999999849163,-5.729999999986448
5.89959716796875,5.598270416259766,1713877853.296969,377604414,J1927+7358,291.9520630999999,73.96710280277777,19.318326924999997,J0117+8928,89.47999327222223,883729.31850621,-4924463.81125919,3943956.82880664,-0.0002899999999847816,-0.0016999999999852133,0.0019300000000158982,0.0018500000000158737,-0.29999999999943583,-0.7999999999994429,10.619017601013184,8.674718856811523,11.192031860351562,8.039929389953613,11.325885772705078,8.01959228515625,23.380807876586914,17.348121643066406,38.61943817138672,17.48752212524414,660,446,24.721736907958984,15.590313911437988,37.94456481933594,17.379756927490234,/arc/projects/chime_frb/vlbi/OVP_astrometry_gbo/hco_comissioning_bl_gbo/377604414/calibrated/J0117+8928_calibrated_to_J1927+7358_vis.h5,-0.42542379865997826,24.703640299099764,-0.34650066100661575,40.720844303962195,0.07892313765336251,16.017204004862432,True,-0.2899999999847816,-1.6999999999852133
4.227451324462891,6.7655487060546875,1701064596.753436,339188139,J0220+3241,35.2002209,32.68512880555555,45.046403891666664,J0300+8202,82.04426428055555,883729.31850621,-4924463.81125919,3943956.82880664,-0.01092999999998804,0.003330000000016327,-0.003879999999985881,-0.003929999999985896,-26.499999999999808,1.6000000000005912,9.395293235778809,9.732407569885254,9.89782428741455,10.594585418701172,9.78423023223877,12.50629711151123,36.972740173339844,22.344120025634766,47.30281066894531,21.395381927490234,366,280,33.637123107910156,21.7535343170166,40.80475616455078,18.19800567626953,/arc/projects/chime_frb/vlbi/OVP_astrometry_gbo/hco_comissioning_bl_gbo/339188139/calibrated/J0300+8202_calibrated_to_J0220+3241_vis.h5,-0.12597873714548152,-16.52611986075985,-1.4042182806618586,32.940496382197864,-1.2782395435163771,49.46661624295771,True,-10.92999999998804,3.330000000016327
11.402355194091797,7.270488739013672,1701064596.753436,339188139,J0220+3241,35.2002209,32.68512880555555,31.40796004583333,J0205+7522,75.36895423055554,883729.31850621,-4924463.81125919,3943956.82880664,-0.002159999999985354,0.0023500000000160268,-0.004869999999986184,-0.004899999999986193,0.600000000000577,1.6000000000005912,14.515295028686523,14.066981315612793,22.760595321655273,11.363240242004395,23.41108512878418,12.942028999328613,36.972740173339844,22.344120025634766,47.30281066894531,21.395381927490234,480,334,36.92051696777344,22.007287979125977,42.16675567626953,18.964614868164062,/arc/projects/chime_frb/vlbi/OVP_astrometry_gbo/hco_comissioning_bl_gbo/339188139/calibrated/J0205+7522_calibrated_to_J0220+3241_vis.h5,-0.12597873714548152,-16.52611986075985,0.8949582681502275,26.18293265467712,1.020937005295709,42.709052515436966,True,-2.159999999985354,2.350000000016027
12.09246826171875,5.415836334228516,1701064596.753436,339188139,J0220+3241,35.2002209,32.68512880555555,35.66504790416666,J0222+4302,43.03549965833333,883729.31850621,-4924463.81125919,3943956.82880664,-0.0015399999999851643,-0.03218999999999455,0.0011400000000156563,0.0011300000000156532,-0.5999999999994401,-9.79999999999957,17.576932907104492,16.875690460205078,22.417659759521484,14.867618560791016,22.404321670532227,14.722137451171875,36.972740173339844,22.344120025634766,47.30281066894531,21.395381927490234,469,337,37.17681884765625,22.110408782958984,40.952735900878906,20.32510757446289,/arc/projects/chime_frb/vlbi/OVP_astrometry_gbo/hco_comissioning_bl_gbo/339188139/calibrated/J0222+4302_calibrated_to_J0220+3241_vis.h5,-0.12597873714548152,-16.52611986075985,-0.4556656309619546,-6.174240770030082,-0.3296868938164731,10.351879090729767,True,-1.5399999999851643,-32.18999999999455
19.397171020507812,8.676567077636719,1701064596.753436,339188139,J0220+3241,35.2002209,32.68512880555555,34.37838903333333,J0217+7349,73.82572826388889,883729.31850621,-4924463.81125919,3943956.82880664,-0.000509999999984849,-0.0009499999999849837,-0.0023099999999854,-0.0023499999999854124,0.4000000000005741,0.5000000000005755,22.337404251098633,13.066658020019531,34.54555130004883,16.292457580566406,34.025447845458984,16.402118682861328,36.972740173339844,22.344120025634766,47.30281066894531,21.395381927490234,370,315,32.87961959838867,22.008888244628906,35.24689483642578,20.885467529296875,/arc/projects/chime_frb/vlbi/OVP_astrometry_gbo/hco_comissioning_bl_gbo/339188139/calibrated/J0217+7349_calibrated_to_J0220+3241_vis.h5,-0.12597873714548152,-16.52611986075985,0.163405910587472,24.615460718099563,0.2893846477329535,41.14158057885941,True,-0.509999999984849,-0.9499999999849837
13.503414154052734,6.7291717529296875,1740194630.1595187,438109569,J0529+2500,82.29226452916666,25.014326319444443,83.63302816696023,B0531+21,22.014504119539673,883729.31850621,-4924463.81125919,3943956.82880664,-0.004479999999986065,-0.04583999999999873,-0.0037999999999858564,0.0024400000000160543,15.300000000000786,-11.599999999999596,28.508665084838867,18.14679527282715,8.714689254760742,8.108688354492188,8.54995346069336,9.133088111877441,10.587315559387207,9.072839736938477,6.2664947509765625,5.129112243652344,535,367,10.292247772216797,8.958322525024414,5.922397613525391,4.705852508544922,/arc/projects/chime_frb/vlbi/OVP_astrometry_gbo/hco_comissioning_bl_gbo/438109569/calibrated/B0531+21_calibrated_to_J0529+2500_vis.h5,0.8341841013283957,-24.282549319107652,-0.38423217556670364,-27.28892599205109,-1.2184162768950992,-3.006376672943439,True,-4.479999999986065,-45.83999999999873
8.708671569824219,4.780727386474609,1740194630.1595187,438109569,J0529+2500,82.29226452916666,25.014326319444443,85.6505746,J0542+4951,49.85200936666667,883729.31850621,-4924463.81125919,3943956.82880664,0.032260000000025185,-0.016999999999989898,0.014250000000019677,0.03471000000002593,4.500000000000632,-21.69999999999974,21.95488739013672,14.766864776611328,8.733100891113281,8.510149002075195,11.16759967803955,10.635851860046387,10.587315559387207,9.072839736938477,6.2664947509765625,5.129112243652344,492,312,9.226788520812988,8.362757682800293,5.1699066162109375,3.8488807678222656,/arc/projects/chime_frb/vlbi/OVP_astrometry_gbo/hco_comissioning_bl_gbo/438109569/calibrated/J0542+4951_calibrated_to_J0529+2500_vis.h5,0.8341841013283957,-24.282549319107652,-1.614554688139165,0.5708242959142314,-2.4487387894675607,24.853373615021884,True,32.26000000002519,-16.9999999999899
4.205326080322266,5.271240234375,1740194630.1595187,438109569,J0529+2500,82.29226452916666,25.014326319444443,19.318326924999997,J0117+8928,89.47999327222223,883729.31850621,-4924463.81125919,3943956.82880664,0.04086000000002782,0.001730000000015837,0.04099000000002785,0.049760000000030544,8.700000000000692,-8.499999999999552,11.151106834411621,9.085298538208008,8.161256790161133,8.099781036376953,8.949677467346191,6.684788227081299,10.587315559387207,9.072839736938477,6.2664947509765625,5.129112243652344,396,300,9.400836944580078,7.742424011230469,4.974819183349609,4.165309906005859,/arc/projects/chime_frb/vlbi/OVP_astrometry_gbo/hco_comissioning_bl_gbo/438109569/calibrated/J0117+8928_calibrated_to_J0529+2500_vis.h5,0.8341841013283957,-24.282549319107652,0.3743596034433769,40.46651585234456,-0.45982449788501883,64.7490651714522,True,40.86000000002782,1.7300000000158369
15.599456787109375,5.1277313232421875,1745155586.5861554,1113613641,J1927+7358,291.9520630999999,73.96710280277777,289.78683050416663,J1919+7433,74.55656541388889,883729.31850621,-4924463.81125919,3943956.82880664,0.0008800000000155767,-0.0009399999999849806,-0.000509999999984849,-0.0004899999999848428,0.5000000000005755,0.10000000000056986,17.755123138427734,11.84670352935791,29.663055419921875,17.86973762512207,30.37287139892578,17.9073486328125,31.54326629638672,23.496198654174805,76.86479949951172,26.405471801757812,579,480,29.1785888671875,18.31070327758789,70.0087661743164,19.472396850585938,/arc/projects/chime_frb/vlbi/OVP_astrometry_gbo/hco_comissioning_bl_gbo/1113613641/calibrated/J1919+7433_calibrated_to_J1927+7358_vis.h5,-0.22983622773801904,24.701723733402687,0.361564907861388,25.28661639954989,0.5914011355994071,0.5848926661472014,True,0.8800000000155767,-0.9399999999849806
21.89327621459961,16.596885681152344,1745155586.5861554,1113613641,J1927+7358,291.9520630999999,73.96710280277777,291.87684402916665,J1927+6117,61.29246645833333,883729.31850621,-4924463.81125919,3943956.82880664,-0.000509999999984849,0.0004000000000154297,0.001270000000015696,0.0013000000000157053,-0.39999999999943725,-0.1999999999994344,22.210031509399414,14.12598991394043,39.97948455810547,22.071937561035156,40.390811920166016,21.887039184570312,31.54326629638672,23.496198654174805,76.86479949951172,26.405471801757812,632,604,31.24571418762207,23.33302879333496,76.00819396972656,24.76015853881836,/arc/projects/chime_frb/vlbi/OVP_astrometry_gbo/hco_comissioning_bl_gbo/1113613641/calibrated/J1927+6117_calibrated_to_J1927+7358_vis.h5,-0.22983622773801904,24.701723733402687,-0.5050756689370649,12.02951017397265,-0.27523944119904586,-12.672213559430038,True,-0.509999999984849,0.4000000000154297
5.649486541748047,4.290428161621094,1745155586.5861554,1113613641,J1927+7358,291.9520630999999,73.96710280277777,19.318326924999997,J0117+8928,89.47999327222223,883729.31850621,-4924463.81125919,3943956.82880664,-0.0009299999999849776,-0.0028499999999855655,-0.0014099999999851245,-0.0015399999999851643,0.3000000000005727,-0.09999999999943299,12.424225807189941,9.218334197998047,19.266138076782227,8.260811805725098,19.19240951538086,8.188010215759277,31.54326629638672,23.496198654174805,76.86479949951172,26.405471801757812,470,452,24.187829971313477,21.046794891357422,54.84098815917969,22.658828735351562,/arc/projects/chime_frb/vlbi/OVP_astrometry_gbo/hco_comissioning_bl_gbo/1113613641/calibrated/J0117+8928_calibrated_to_J1927+7358_vis.h5,-0.22983622773801904,24.701723733402687,-0.3418256917574655,40.71807651196204,-0.11198946401944648,16.01635277855935,True,-0.9299999999849775,-2.8499999999855654
